,Unnamed: 0.1,Unnamed: 0,comment
0,0,0,gila cumi cumi raksasajangan lupa gabung ke discord pecinta roblox fisch  httpsdiscordcominvitemotionime
1,1,1,bg lanjutin game nya ada update megalodon dan mosasaurus
2,2,2,bang saya kasih megalodon
3,3,3,ko ga bisa di download vidionyaaaaaa
4,4,4,main bareng bang
5,5,5,main bareng yuk bang gua gak ganggu
6,6,6,main bareng bang gua kasih ikan bagus
7,7,7,bang winda coba mancing saurus merah
8,8,8,lanjut bng seru
9,9,9,bang gua mau ikut main
10,10,10,2648 momen windah speechless
11,11,11,bang abang kalo mau dapetin mosasaurus abang bisa ke ancient isle gua dapet albino mosasaurus
12,12,12,halo
13,13,13,bg aku ada saran cari duit sampe 15k abis tu beli magnet rod lalu mancing di sunstone island biasa ny dpt quality bait crate itu jangan di buka bg jual aja soal ny 1 itu harga ny   1500c lumayan banget kan bg jdi mancing aja disitu klo udh banyak quality crate ny jual nnti untung banyak
14,14,14,banyakbanyak pusing piringnya semuanya dijual kan
15,15,15,godzilla mana nanti datang
16,16,16,pause juga dong aku penasaran paus itu apa
17,17,17,jangan dijual kan itu kesayangan aku tadi
18,18,18,iya aku setuju beli di kapal
19,19,19,situ ikan cumicumi nya besar aku tahu itu 
20,20,20,pesawat lulus itu cepet 
21,21,21,ayolah bilangnya lurus
22,22,22,kan ini udah sampai bagus sekarang bang bang 
23,23,23,kalau maju pasti asik kiatnya
24,24,24,mancing megalodon bang
25,25,25,ap si tb tb end
26,26,26,bang aku dapat megalontong
27,27,27,bang coba megalodon 
28,28,28,aku punya colossal 11biji loh bang mau gak aku kasih  
29,29,29,lanjutin fisch bang
30,30,30,10311 sumpilll ini sfx nya sangat pasaran 
31,31,31,5554 but a story
32,32,32,2137 gila serem juga liat tangannya 
33,33,33,gila gk tau main game ini grafiknya meanwhile gw liat temen gw main game ini grafiknya 
34,34,34,seharusnya lu main ini pake hiu madura
35,35,35,413 player hp menangis well 
36,36,36,lanjut geh bg
37,37,37,lanjut geh bg
38,38,38,cumi cumi juga bisa tanpa di snowcap bang caranya itu abang tunggu malam berkabut habis itu abang pergi ke komoas arah ya w sampe ujung pancing disitu
39,39,39,telat ga bang
40,40,40,ga lanjutin lagi kah bang
41,41,41,bang sekarang buktikan di kehidupan nyata bahwa kamu bisa mancing
42,42,42,lanjutnya gak ada
43,43,43,10523 batang hitam besar
44,44,44,ahh
45,45,45,bang raka itu siapa
46,46,46,budiono siregar cita ku kapal lawd
47,47,47,dilautan
48,48,48,bang main game fishing simulator roblox bang
49,49,49,bang paus donk lebih menantang sama hiu juga ada bang
50,50,50,halo bg windah
51,51,51,mirip yang ada di game play together
52,52,52,akupercinta roblx
53,53,53,macing mania
54,54,54,3529 
55,55,55,bg video nya gk bisa di download
56,56,56,bang dapetin mosasaurus bang lokasi nya di ancien isle itu gede banget bang
57,57,57,selain winda basudara akan ngalahin gua gua 8000 kilo
58,58,58,bgbang stresmen udah punya buaya      purba sama monster laut nesse jan sampai kalah
59,59,59,bang pengen main sama abang nya 324
60,60,60,rheh
61,61,61,mampua piewnya dktit
62,62,62,147 nama lagunya apa
63,63,63,mantap mas brando
64,64,64,sehat sehat bang
65,65,65,ikan  lefiatan
66,66,66,2649 bang windah  
67,67,67,sigma 
68,68,68,bang fc mobile
69,69,69,next mancing di real life dong bang
70,70,70,lu belom liat ancient depth serpent nessie dan megalodon
71,71,71,2651 kirain mau lagsung end stream jir ternyata masih ada 39 menit lagi
72,72,72,bang lanjut plis
73,73,73,lanjutin bang
74,74,74,bang ke the depth boleh ka
75,75,75,cumicumi itu gampang menurut ku
76,76,76,bang aku dapat cumicumi 2 kali
77,77,77,aku tingkat 55
78,78,78,bang aku dapat cumicumi itu pakai pancingan kings
79,79,79,bang ada ikan tuna sirip biru
80,80,80,itu harganya 3500
81,81,81,bang aku sudah dapat cumicumi
82,82,82,semoga cepet ga roboh ya
83,83,83,bang windah skin anomali nih pasti
84,84,84,bang ada alligator di swamp
85,85,85,gw tukang hackers apa lu
86,86,86,lanjut dong bang
87,87,87,endingnya yaalah ngakak
88,88,88,bang namaku raka bang
89,89,89,sus banget pas liat foto
90,90,90,bang mudah mudahan abang sehat selalu amin dan sukses selalu
91,91,91,hiu sumatra terlupakan kah bggg
92,92,92,3937 naik naik naik ngakak njir 
93,93,93,bang cara dapet kapal
94,94,94,bg ad kapal plandasmen 
95,95,95,aku pernah dapat yang cumi cumi besar yang 12000 kg
96,96,96,bang aku dapat juga
97,97,97,bang coba mancing megalodon
98,98,98,mancing terossss
99,99,99,awokawok kena mental
100,100,100,bg kapan blox fruit 11111111111111111111111111111111111111111111111111111111111111111111111111111111111111111111111111111111111111111111111111111111
101,101,101,bang windah kemana ikan woyo woyo
102,102,102,aku terharu pas bang windah bercerita
103,103,103,bang sekarang animash bisa battle bang bisa tanding sma pemain lain
104,104,104,perjalanan saya
105,105,105,gw udh add abg windah
106,106,106,bg mau gw bagi ikan besar 1000kg gak kalau mau add friend gw bg nama gw hazizuljijoy makasih 138
107,107,107,robi kok pucet kayanya cerita kaya sekawan 5 dah satu nya hantu
108,108,108,aku level 22 aja belom dapet
109,109,109,bang coba main king legacy
110,110,110,nama apk yg auto  click itu ap
111,111,111,cyiakentanachi
112,112,112,cyeaanmmm
113,113,113,hati hati hamil bang
114,114,114,sengaja mati demi cerita budiono siregar
115,115,115,strimer storytelling
116,116,116,gg first time langsung dapet
117,117,117,join
118,118,118,2430 njir baru 1x pancing langsung gg
119,119,119,seruuuu
120,120,120,kamu mancing perkoro bang
121,121,121,pengen di pin dan di notice oleh kak windah
122,122,122,bang lu ke menu trs on fitur bendera bang jadi lu bisa liat tmpt orang orang dapet ikan legendary sama mythic
123,123,123,ini raka siapa ya kok kaya ga kismin rakabuming kah
124,124,124,akhirnya aku bisa bahagiakan orang tuwa aku 
125,125,125,bg mommy gran jual video 
126,126,126,ahirnya raka mencapai cita cita nya
127,127,127,mengocok 
128,128,128,bang griding dlu pas offline bang sampe kekumpul banyak duit beli kapal dan pancingan paling mahal bang
129,129,129,yg dimaksud ikan woyo woyo itu ancient mythical spectral serpent
130,130,130,3953 
131,131,131,3251 ikan isonade bang windah kan ada tuh kek pusaran angin nah jangan masuk mancing di dekat situ nanti dapat isonade cara lebih gampangnya pakai radar
132,132,132,3143 wkkwkwwkwkkw raka old money
133,133,133,sosis jumbo khas pati
134,134,134,betapa masuk akal nya pantun bang windah 
135,135,135,bang coba main homicipher
136,136,136,saran gw klo mau lumayan cepet dapet collosal squid umpan  truffle wormsaran enchant  hastypancingan  tridentaurorakingdan juga stedycode redeem  100mthankyoufollowers
137,137,137,bang kamu mirip guruku di sekolah
138,138,138,windah  ikan  manaikanbusa he 8888888888888888888888loankaoqkaosijx ke dalam bilik itu dan ini adalah kerana mereka tidak boleh digunakan oleh guru dan iel ke dalam rumah dan iel yang paling baik untuk kesihatan tubuh badan yang paling mulia di ipoh semalam dianggap paling penting untuk kesihatan dan kecantikan dan kesihatan pekerjaan dan yang paling baik akhlaknya baik untuk kita semua tahu dan iel yang paling penting untuk kesihatan tubuh badan kita semua dapat melihat dengan jelas dan iel yang paling baik untuk kesihatan dan iel yang paling baik untuk kesihatan dan kesejahteraan serta untuk kita semua tahu bahawa mereka tidak boleh digunakan untuk kesihatan dan kecantikan dan kesihatan dan kecantikan dan kesihatan pekerjaan dan iel yang paling penting adalah integriti perlu dan e dan iel yang tidak pernah ada cadangan lain yang tidak boleh digunakan sebagai ubat yang boleh dilakukan untuk membuatkan kita mahu barang bantuan 1malaysia dan iel ke dalam bilik darjah dan kesihatan pekerjaan yang paling baik akhlaknya dan iel yang tidak boleh digunakan sebagai bahan utama kilang dan jentera kerajaan dan kesihatan pekerjaan yang paling penting ialah mencari dan menyelamat dan e yang tidak pernah berlaku sebelum dan iel ke atas  use this form of yang dipertuan agong tuanku abdul rahman yang juga merupakan pelaburan utama pertama dan iel yang paling baik untuk kesihatan dan kecantikan dan kesihatan pekerjaan yang paling baik untuk kesihatan
139,139,139,2818 cumi gasing jirr
140,140,140,bng wind beli trident rod
141,141,141,428 wanita kesayangan kita
142,142,142,bang ada banyak ikan misterius yang paling besar
143,143,143,cakep
144,144,144,ada ikan raksasa menyala warna hijau bang
145,145,145,cara enchant gimana dah
146,146,146,pamer cumi raksasa
147,147,147,bang pls lanjutin game viewfinderuda full riliss
148,148,148,aku iri sama nabila kesayangan kamu bang
149,149,149,halo bang
150,150,150,kapan live bng
151,151,151,whyyyy gabisaa di download videonyaaa 
152,152,152,3554 bro terdiam 
153,153,153,bang coba cari pusaran air terus masuk bang
154,154,154,pantun bersajak aabb
155,155,155,bang abang bisa mancing sambil kemudiin pperahunya
156,156,156,bang aku ketiduran dengerin dongengmu
157,157,157,bang aku mancing di sungai kok ga dapet colossal squid sih bang
158,158,158,bang nanti raka akan dipromosikan oleh ayahnya menjadi pemimpin kru dengan cara yang melanggar peraturan bang walaupun raka tidak layak karena ayah raka dulunya adalah pemimpin kru tersebut
159,159,159,fischbach
160,160,160,next kumpulin 50000 buat beli pancingan di roslit atau gak beli king rod 110000 buat dapetin ikan besar
161,161,161,semoga cepet gk rubuh kta dia
162,162,162,gw kalau main game ini playernya 1mani ng 99 pamer ikan
163,163,163,kurang kecil bg suara ny
164,164,164,mancing leviatan bg
165,165,165,bang bisa ke di donload
166,166,166,bang nama roblox bang siapa
167,167,167,gg bang
168,168,168,end nya malah teripang fadel tol cipularang
169,169,169,bg mau magma rod ga bg gw tau nih
170,170,170,siapa yang suka mancing
171,171,171,cumi bisa jadi seafood ya  saya alergi cumi 
172,172,172,bang aku suka gran
173,173,173,5050 mati wkwk
174,174,174,bg pliss nanti malamsore main game fisch lagi bg gamenya seru dan santai banget
175,175,175,aku dapet peta harta karun di level 3 bagus ga 
176,176,176,halo
177,177,177,masak in cumi nya bang
178,178,178,bang aku sama kaget nya pas kamu dpt cumi raksasa 
179,179,179,2652   wah mantap bang windah dapet cumicumi raksasa
180,180,180,raka sultan gabut
181,181,181,raka daripada menjadi pemancing legendaris lebih baik jadi pengangguran yang suka nonton yutuber maen game mancing
182,182,182,ayon item lo bg
183,183,183,wow
184,184,184,2616 epic moment  kayaknya cumicumi raksasa deh
185,185,185,bang coba kamu dapatkan jelifish emperor katanya itu ikan paling susah ditangkap
186,186,186,bg masih ada ikan yg lebih gede dari pada cumi raksasa
187,187,187,next dapet paus lah bang
188,188,188,bang bapaknya raka presiden di negeri ahonok
189,189,189,seru banget liat kamu mancing di roblox bang sambil aku mancing di sungai belakang rumah
190,190,190,main blox fruit kpn bng
191,191,191,2650 cumi pertama raka
192,192,192,bg main lagi
193,193,193,budiono siregar adalah legenda laut nort sea
194,194,194,banggg mainin haikyuu touch the dream
195,195,195,kenapa gk bisa di dowload vidionya bang padahal mau liat ofline
196,196,196,bang kata kawan gw ada bom atom juga di fisch
197,197,197,rip windah simulator basudara 
198,198,198,gg bocil pun bahagia
199,199,199,lagu kebangsaan bang windah
200,200,200,5000
201,201,201,4927
202,202,202,ditunggu part 2 ya bg
203,203,203,gg kamu raka
204,204,204,bang raka orang kaya ternyata
205,205,205,245 udah roboh kocak
206,206,206,tet teret teret tet teret teret teret teret teretettt
207,207,207,gg bang windows aku bangga
208,208,208,akhirnya amba raka menangkap ikan besar
209,209,209,3550
210,210,210,aku memancing dan mendapatkan ikan tongkol
211,211,211,main the witcher 3 bang
212,212,212,elpamer terdiam wkwk
213,213,213,bang windah bisa tolong aku ga akun nyokap gua di retas dana ny di retas dana tik tok juga di retas jdi gua minta tolong ke bang windah soalnya ga tau lgi mau minta tolong ke mana  kalo ga bisa gpp bang 
214,214,214,ikan madura rivalnya raka
215,215,215,bg the mimic ada chapter baru
216,216,216,wnda kena mental cuy
217,217,217,gg win
218,218,218,bang bossnya ayah raka pernah mengatakan sebuah pancingan yang sangat dahsyat terdapat di kedalaman laut untuk mendapatkannya bang windah butuh 750k duitrelik hexed dan relik abyysal dan jika bang windah sudah mendapatkan pancingan dahsyat itu ikan woyo woyo ataupun ikan paus putih akan takut jika melihat pancingan itu
219,219,219,dada gue sakit
220,220,220,dada gue sakit
221,221,221,ditunggu mancing ancieny depth serpenynya bang 
222,222,222,raka kamu harus semangat untuk mencari harta karun nya karena ayah mu mewarisi pancingan legend di harta karun itu dan harta karun itu ada 100
223,223,223,ada ikan ambalodon
224,224,224,plot twist sebenarnga ayah raka adalah sahabat budiono siregar dan pancingan yg dikasih ke raka sebenarnya pemberian dari budiono siregar fakta itu terungkap setelah raka menemukan catatan di bawah cumi cumi raksasaakhirnya raka memutuskan untuk menjadi pemancing terhebat sepanjang masa melampaui budiono siregar dan suatu saat akan mengembalikan pancingnya ke budiono siregarwhat a story
225,225,225,seneng bet bng brando main ini lagi
226,226,226,ambaraka
227,227,227,lanjutkan blox fruit bang
228,228,228,akhirnya windah main fisch lagi 
229,229,229,gg bang tpi kamu brisik
230,230,230,pergi ke danau untung menangkap hiu brando yeyeye
231,231,231,bang cita cita nya mana
232,232,232,2639 cumi bibisi
233,233,233,ilham kemana bng
234,234,234,bang min 50 robux
235,235,235,sapa aku bang 
236,236,236,bang ada leviathan bang di game ini
237,237,237,b aja
238,238,238,udah dibilangin jangan ambil harta karun chance pancingannya kecil ngeyel
239,239,239,ikan cupang lima
240,240,240,selamat pagi bang windh dan slmat mlem minggu akhirnya main roblok juga
241,241,241,streamer dongeng
242,242,242,bang coba main blok fruit
243,243,243,kecewa parah
244,244,244,10000qghhgj
245,245,245,semangat bang windah live streamingnya
246,246,246,bg
247,247,247,bang tangkap hiu madura
248,248,248,like aku 1000 aku diet 1 bulan
249,249,249,raka adalah cucu dari pramowo dan anak dari mulyono 2 pemancing legendaris yang pernah menemukan ikan legendaris woro2 di akhir hayat nya terlibat dengan kerusuhan antara nelayan dan ras ikan hiu madura sehingga namanya di hapus dari sejarah karna keterlibatan nya di kerusuhan tersebut sebelum meninggal kakek pramowo dan bapak mulyono menyatakan bahwa ikan woro2 itu nyata dan membuat raka ingin membuktikan dan mengembalikan kejayaan leluhurnya selagi raka mencari ikan legendaris yang bisa mengguncang dunia keturunan terakhir ikan hiu madura mencari jalan untuk balas dendam akan pembantaian ras nya
250,250,250,banngg akuu rindduu grann
251,251,251,bg lanjutin main game fighting school simulator
252,252,252,bang coba main game the mimic di roblox sumpah bikin jantung ga amann
253,253,253,bang terima pertemanan bang
254,254,254,bang coba main game ini pake outfit nelayan bang
255,255,255,kapan blox fruit woi
256,256,256,gg bg
257,257,257,bang lanjut tin main kantin sekolah simulator kayak nya ada update plisss bang seru banget nonton bang windah main katin skolah simulator
258,258,258,bang setiap main roblox sekarang kok gabisa didownload 
259,259,259,beli pancing baru bg
260,260,260,5239
261,261,261,akun goblox aku di hack orang bang
262,262,262,bangg coba main homocipher semoga di bolehin
263,263,263,
264,264,264,gg bang windah bentar lagi 15 juta subss
265,265,265,g
266,266,266,bang kamu ikan jenis apa
267,267,267,147 ini lagunya apa bang
268,268,268,ya vid nya ga bisa di download
269,269,269,menit 1057  ke belakang keknya ada yang jawab iya denger ga5036 itu juga ada yang ngomong sayasela
270,270,270,gg
271,271,271,gg
272,272,272,kamu penyefong game fomo bnag
273,273,273,bang react skibidi toilet bang
274,274,274,bang coba dapetin leviathan
275,275,275,dapat cumi yeey
276,276,276,selalu pake umpan bang
277,277,277,bang windah kenapa dulunya tidak main roblox
278,278,278,hlloo bngg winnn
279,279,279,intro nya garing bg
280,280,280,telat gaa bang
281,281,281,bangga mama mu bg
282,282,282,assalamualaikum warohmatullahi wabarokatuh
283,283,283,jangan toxic bg
284,284,284,bang mancing hiu gojila
285,285,285,bang vid nya gak bisa di download
286,286,286,tega kamu bang
287,287,287,game kungfu simulator terlupakan
288,288,288,bg lanjutin mancing mendapatkan semua ikan dan menjadi raja lautan
289,289,289,sarann bgg kalo mau main fisch bukaa privat server nyaa biar viwer bisaa kasih tau kamuuu bang ikan yang besar
290,290,290,emang bapaknya raka udh meninggal bukannya lagi di solo 
291,291,291,game psht simulator terlupalan
292,292,292,siapa di sini suka cumi2
293,293,293,main anime tower defense di roblox dong bang
294,294,294,radipoanjikjik
295,295,295,bang pliss tangkep ikan kontolodon
296,296,296,jarjit menangis di pojokan denger pantun mu bg
297,297,297,bentar bangett bang yaampun gusti nu agungg
298,298,298,wuiih trending jadi pgn ngonten map ini
299,299,299,mancing perkoro rek
300,300,300,pantun nya keren bg
301,301,301,bang lanjutkan main game capybara go plis
302,302,302,
303,303,303,dari kemaren nunggu akhirnya lanjut juga
304,304,304,kenapa gabisa di download si bang yampun
305,305,305,bang main game kutukan dijamin enak atau the curse bahasa inggrisnya
306,306,306,memang paling enak nonton bg brando sambil makan mie 
307,307,307,game yg bikin goobox bang yuwan jgn lupa ngopi bang 
308,308,308,2740 
309,309,309,pendongeng handal
310,310,310,flying dutchman 
311,311,311,bang main share lock tak parani bang
312,312,312,raka the legendary fishermanabsolute cinema
313,313,313,cumi sambel terasi 
314,314,314,orang tua sepertimu gacocok main roblokkk
315,315,315,jual bg dpt 100k
316,316,316,kamu yang nonton ini pas makankata kunci ujang keduaowkkwkw makan yang banyak yaa
317,317,317,aku lihatnya pas malam bang 
318,318,318,ya tuhan yaallah  salan toleransi bang brando
319,319,319,raka  orang kaya
320,320,320,wihh trending trs cuy 
321,321,321,3556 niatnya mau ngasih pahammalah dikasih paham
322,322,322,selamat rakabuming raka atas cumi raksasanya
323,323,323,next beli pancingan aurora rod  mythical rod bang buat farming tapi lebih bagus aurora rod sih buat farming tapi harus punya aurora borealis harganya 500k kalo mau aku kasih bang gratis habis itu beli trident rod bang syaratnya lengkapin bestiaryikan di desolate deep terus dapetin the depth rod pancingan paling op untuk saat ini karena pancingannya bisa ngeluarin bunshin dan bisa ikut dapetin ikan juga bayangannya
324,324,324,terimakasih bang windah udh ngelanjutin fisch
325,325,325,new eventmosewood    claw gill fossil fan barracuda spinerosilt      spine blade shark fang spine bonemushgrove   nessie spinesnowcap     spined finforsaken    ancient serpent skull ancient serpent spinekalau udah semua go to dr finneus untuk dapetin handwritten note lalu jalan kearah ne sampai menuju uncharted island dan tentukan puzzle sesuai di handwritten note
326,326,326,semangat bg ke 15jt subscribers nya
327,327,327,woi aku aja yg mythical rod belum dapet colosal
328,328,328,itu gimana cara tahu waktu dan lokasi server
329,329,329,halo bang winda aku udah dapat yang aku ingin kan dari dulu ia itu ikan kayak bang winda cumi2 alaskar makasih bang theory nya bang sehat selalu ya gua dari malaysia ya bang ok bang winda dada amin bang amin
330,330,330,bjirr dapett
331,331,331,bang aku cinta noviani
332,332,332,gelooo 
333,333,333,yey gem roblok lagi
334,334,334,3528 aku jga mw 
335,335,335,masi cupu aku aja ydah level 500 dan mempunyai fish no life es game
336,336,336,bang aku lebih suka kisah raka daripada game anomali
337,337,337,ayo bang next time dapetin mutated shark
338,338,338,155 ada yg tau nama backsong ny
339,339,339,bang kamu harus ungkap misteri ikan woyo woyo supaya ayah raka bangga
340,340,340,218
341,341,341,bang ungkap semua ending five heart under one roof
342,342,342,gua tertarik main gem vice ini bang
343,343,343,bang selamat ya mau 15 jt subs 
344,344,344,3528 sus bgttt
345,345,345,makasih 100 susbsribe nya orang baik 
346,346,346,motel kapan woyy
347,347,347,main roblox bikin gobloknontonin brando makin goblok
348,348,348,cumi besar alaska 
349,349,349,subscriber lu cepet bet naik
350,350,350,wkwkwk
351,351,351,bg gak pake ava hiu bgggggggggggg
352,352,352, 006 006
353,353,353,pls jadiin series bang
354,354,354,bang aku sekarang jd ngefans sama bu d ono
355,355,355,nama panjang raka adalah gibran rakabuming raka
356,356,356,bikin buku tentang raka bg
357,357,357,bang fisch update bang
358,358,358,sekarang bapaknya raka mau paus
359,359,359,melanjutkan kisah raka
360,360,360,orang gila mana yg narik kolosal squid pke rod bapuk
361,361,361,pls buatin animasi buat cerita budiono siregar
362,362,362,10405 anjayviewers bohongsosis yang bohong
363,363,363,blok fruits terlupakan
364,364,364,bang main game mouthwashing lagi plissss
365,365,365,udah yapping nya
366,366,366,bang coba main blood strike
367,367,367,ente yakin dia live
368,368,368,cumi jumbo
369,369,369,bang kok gak bisa di download vidio nya
370,370,370,bang dapetin ikan terbesar bang nessie sama isodanekalo dh dapat pigi ken the depths bg
371,371,371,bang ancient depth serpent jadiin ikan woyo woyo bang ancient depth serpent susah didapetin dan dia harus di tempat the depths dan harus di malam yang paling gelap
372,372,372,jual ke seafod bakaran aja cumi nya
373,373,373,rekomendasi ikan mythic dan tempat nya buat windah dapetin nanti di live selanjutnya yg masih lumayan gampang lah adacaptain goldfish di forsaken shores di atas tempat nya merchant dan lain lain kan ada tempat ke atas naek terus ada air terjun mancing disana pasti dapet sama manta ray ada di roslit bay bisa di mana aja
374,374,374,bang beli rod baru bang di the depth
375,375,375,gg bang besok pecahkan teori mancing godzila
376,376,376,kok bukan hiu madura
377,377,377,
378,378,378,fatimahnamanyaperangainya
379,379,379,bang windah imup d
380,380,380,
381,381,381,aku cinta raka
382,382,382,yg ngomong dapet cumi raksasa butuh aurora totem siapa njir
383,383,383,2650 gg bang
384,384,384,banh alligator di mushgrove swamp harus ditangkap bng
385,385,385,haloo
386,386,386,bg kamu gg
387,387,387,si raka kenapa gusy
388,388,388,gk bisa didownload vidionya
389,389,389,hi
390,390,390,halo bang
391,391,391,bang main game until then dong plis
392,392,392,agak kecewa karena full jalan jalan simulator kagak mancing mancing 
393,393,393,wkwkwkw niat pamer malah kena ulti bocil bocil pamer 
394,394,394,fice
395,395,395,bang coba main a universal time di roblox
396,396,396,window
397,397,397,stardew valley kapan
398,398,398,gg raka sang anak nelayan
399,399,399,bang kamu wajib cobain game mancing yg ada diplaystore namanya creature of the deep mirip sama game ini
400,400,400,4346
401,401,401,pantun kamu gak nyambung bang windah
402,402,402,big black what 
403,403,403,cumi terbang
404,404,404,bang main dragon nest
405,405,405,bang kapan main fc mobile lagi
406,406,406,bang windah request main game stalker 2 bang
407,407,407,2741 finnalyyyyyyyyy
408,408,408,fi ce
409,409,409,bang mukamu pucet banget waktu mancing cumi raksasa
410,410,410,itu rumah gua gais yg roboh yg dibilang bang windah diawal aokwowk doain cpt beres y adick adick roblok
411,411,411,pergi ke danau memancing ikanberjemur matahari menjadi hitamhai bocil roblox yg tampanjangan bermain roblox malam malam
412,412,412,020masa 
413,413,413,bg ak nontonnya sambil makan cumi cumi raksasa masak hytam
414,414,414,bang main di server jaya pura indahlah review senjata customada skil skillnya
415,415,415,fight school simulator nyaa mana bangg
416,416,416,kecewa saya sama abang kok saya mau download video abang kok gak bisa
417,417,417,cumi cuminya besar kayak punya aku
418,418,418,pantun ny bagus bg sy suka sy suka
419,419,419,kmprtt pdhl mntk lepas ak cumi itu ai dahh
420,420,420,tempat baru namanya the depth bang windah disana ada pancing baru namanya rod of the depth harga 750 ribu uang game bang windah
421,421,421,bang jadi lanjutin game alomani ga aku nungguin ia bang
422,422,422,ng kapan main gem blox fruit
423,423,423,bang coba main game ash echoes bang game rpg yang bagus 
424,424,424,itu yang pusar warna putih itu kalo pancing di situ bisa dapet ikan besar bang
425,425,425,aku bkan bocah roblox tapi aku cuma nonton doang
426,426,426,cari leviatan bang
427,427,427,3606 puncak komedi wkwkw
428,428,428,paling posibble ikan serpent bawah laut desolate deep
429,429,429,apasi bang pantun nya ga gitu
430,430,430,diteluk rosylit ada ikan pari sama gurita gemoy bang
431,431,431,yang susah ikan cumi snowcap ikan spectral serpent di desolate deep ikan paus event sama jellyfish di desolate deep juga
432,432,432,mencet apa itu bang biar ga harus nge klik pas di kocok
433,433,433,udah selesai ya live nya
434,434,434,mana avatar ikan kematian mu bang
435,435,435,batu
436,436,436,maen game pixel lgi bang
437,437,437,berarti lu gobloxs juga dong bang
438,438,438,itu
439,439,439,ambalodon itu nyata bangggg
440,440,440,minta dong winda
441,441,441,mita
442,442,442,bg main dress to impress lagi ada update btw aku cewek bang
443,443,443,itu
444,444,444,game aku
445,445,445,game apa
446,446,446,bg main game stalker2 chernobyl
447,447,447,raka bangga dengan penangkapan mitos cumi raksasa walau ikan woyo woyo belum terungkap raka sudah mendekati tahap mengungkapi ikan woyo woyo
448,448,448,grind xp di forsaken shores pond untuk xp
449,449,449,berburu godzilla bang di the depths
450,450,450,seru bg
451,451,451,hi bang maaf gak ajak live                                                  
452,452,452,hi bang maaf gak ajak live                                                  
453,453,453,bg coba main fishing planetitu ada disteam dan gratismenurutku lumyn seru dan grinding bgt
454,454,454,3528 epik moment
455,455,455,kapan pvz lagi bang
456,456,456,raka the movie
457,457,457,main game soul land bang
458,458,458,10515 gw kemarin juga dapet bbc bg
459,459,459,baru kemaren bilang bg kapan lanjut fisch eh yeyy di lanjut
460,460,460,gg raka bang
461,461,461,kapannn fc mobile bangg astagaa
462,462,462,cie mau 15 jt sub
463,463,463,lengkapin semuaa scene bang di game five hearts under one rooff
464,464,464,raka pay to win aowkoakwdkaowd
465,465,465,kamu melupakan legenda sukma dika satu satu nya eksistensi yang mampu melawan tarikan jor dari seorang budiono siregar
466,466,466,bang kamu pengocok handal
467,467,467,kata kata keramat hahaha punya gk
468,468,468,bg gw bisa kasih lu duit 250k dan enchant relic 5 tar gw bantuin lu dapetin trident rod
469,469,469,bang jangan pakai baju item ga kelihatan
470,470,470,kamu gg bang
471,471,471,aku pernah pas mancing terus di tarik kraken kraken nya skrg jadi khodam aku
472,472,472,eunbi
473,473,473,bang coba main creatures of the deep
474,474,474,bang coba main game agung arip yg terbaru  dong
475,475,475,kapal lawd
476,476,476,gg bang
477,477,477,bg pecahkan misteri nessydan hiu godzilla 
478,478,478,aku telat banggggggggg baru pulangggggggggggggg
479,479,479,bang kumbek coc bg
480,480,480,bang coba mainbang coba main satalker 2 seru game nya dari miawaug
481,481,481,hlo
482,482,482,3329  ada bang serius lu harus ke pusaran aneh abis tu ke paling bawah buat mancing kunci raksasa warna merah nah abis tu lu harus buka pintu gede pake kunci gede yang tadi nah abis tu jalan aja nah lu di situ mancing aja bisa dapet lele jumbo atau gak godzilla
483,483,483,memancing perkoro
484,484,484,game jelek ini bang windah
485,485,485,windah kata kata windah morivasi
486,486,486,0000 epilx
487,487,487,2931 wih gg bg dapat peta
488,488,488,raka suka memancing memainkan alat kencing 
489,489,489,semoga bang windah selalu sehat aamiin 
490,490,490,bang abang mau ga terima add ku bang namaripaska bang terima yang bang
491,491,491,aku tantang kmu pasti gk bisa dapetin naga air kuno eksotik di kedalaman 
492,492,492,kerja bagus bang yang semangat bang windhaa jangan sering maen roblox nanti gobloxxx
493,493,493,bentar lagi 15jt bng gak sabar sawer streamer lagi
494,494,494,bang kamu ganteng banget kayak joseph stallin
495,495,495,bang knpa vidio main roblox fisch gk bisa di download
496,496,496,hahahaha dapet otong raksasa
497,497,497,2652 epik moment bgt bgt gwe smp nangis sekebon
498,498,498,bang bang windah pin dong plis
499,499,499,bg upgrade ikan nya biar makin besar
500,500,500,bang kapan react skibidi toilet  lagi
501,501,501,ikan ambaus mana bg itu katanya salah satu ikan legendaris
502,502,502,bang coba jadi nelayan di real life
503,503,503,main game aku si juragan kostan banggseserver sama aku si peternak lele
504,504,504,pantun abcd berulah lagi
505,505,505,yaelah telat baru aja ambil makan liat youtube km udah selesai live 
506,506,506,15 juta subs bentar lagii
507,507,507,15 juta subs bentar lagii
508,508,508,100 rb lebih 
509,509,509,2653 gg sekali coba
510,510,510,terlambat ga bang
511,511,511,cumi cumi segede kanjut badak
512,512,512,bang vidio nya gak bisa di download
513,513,513,omg
514,514,514,bang kenapa videonya ga bisa di donlod
515,515,515,bang vidio nya gak bisa di download
516,516,516,kemana hiu madura
517,517,517,hei adik jangan seringsering main robloxnanti kamu jadi goblok aowkawok
518,518,518,kok kamu tega live gak bilang bang
519,519,519,main aku si juragan kosan bg
520,520,520,bg gw kngen lu main kungfu simulator lagi
521,521,521,kamu gg bgg
522,522,522,bleh bleh bleh
523,523,523,sosis bukan sembarang sosis ni kawan kawan
524,524,524,akhirnya setelah lamanya main jugaa
525,525,525,stelkers 2bang plisss
526,526,526,3554 mau pamer ehh malah kena mental
527,527,527,bang kok gaada notif
528,528,528,lahhh
529,529,529,bang windah kapan ending mallsook di pecahkan dan ending seungyi penasaran kayanya sedih
530,530,530,bang aku suka banget nonton bang windah main roblox
531,531,531,naik kapal simulator
532,532,532,lanjutkan perguruan simulator bang
533,533,533,bang katanya ada misteri megalodon
534,534,534,kapan perjalanan hiu madura berlanjut bang
535,535,535,anjaayyy bang windaahh
536,536,536,bang aku mau nasi goreng cumi hitam pak kris
537,537,537,bang lanjutin main game kucing bang
538,538,538,bang beli basic diving gear buat nyari harta karun  pergi ke island forsaken shores buat memperbaiki map nya  nanti bg windah ngomong ke npc jack marrow terus pegang map habis tu beli 200coin
539,539,539,3528 sus
540,540,540,016 ingat ya adik adik
541,541,541,pantun gak nyambung 
542,542,542,bang ular orochimaru ada yang baru bang plis mainin bang kangen backroom bang
543,543,543,gg pantun sekali pake jir
544,544,544,telat bg
545,545,545,budiono siregar bangga sama kamu bang
546,546,546,1145 di pojok bawah mommy gran 
547,547,547,10518 big black what 
548,548,548,mana ada segedse itu kocakkk editan
549,549,549,ikan woyo woyo sudah ada sejak zaman napoleon bonapantek yang dimana napoleon sudah menjelajahi samudra pasifik hingga atlantik untuk menaklukkan sang puncak rantai makanan tersebutnamun sayangnya napoleon meninggal sebelum ia bisa menaklukkan sang woyo woyoapakah raka bisa menaklukkan ikan legenda tersebut
550,550,550,bang kok aku suka gaada notif ya kalau abang windah lagi live padahal udah nyalain notifnya
551,551,551,gercep mananih 
552,552,552,ayah rakha namanya andi bang
553,553,553,3528 
554,554,554,series 3 dong bang
555,555,555,bang kok live mendadak bang
556,556,556,bangg aku cinta kmuuu
557,557,557,kesewa live chat nya hilang
558,558,558,gg banget bang pake steady udah bisa dapet colosal squid
559,559,559,maaf bang telat
560,560,560,yahh aku telat
561,561,561,cemen km bangaku udah dapet cumi merah peliharaan dewa neptunus 
562,562,562,bang kapan main game gold and glory lagi
563,563,563,epic momen
564,564,564,main pvz fusion lagi bang
565,565,565,fine
566,566,566,gitu sekarang bang saya ketinggalan bang 
567,567,567,pantun nya gk nyambung bng
568,568,568,bng keju terbuat dri susu
569,569,569,maaf telat1jam bang
570,570,570,well bang
571,571,571,ga adaaa liveee chatt aku ga bisaa liat komen bocil bocil kematiann
572,572,572,2650 epickk momen bang haha
573,573,573,nanti live gk bg
574,574,574,mantap bang
575,575,575,fice
576,576,576,bang kain pvz lah gw tungguin juga 
577,577,577,windah skrg suka goreng agak sombong
578,578,578,mntep dapet sotong
579,579,579,70 cinema 20 jalan jalan simulator5 mancing colosal squid5 iklanrating  el undur
580,580,580,apa itu bang rame rame
581,581,581,gerakan tambahan
582,582,582,kenapa tidak bisa di download bang
583,583,583,sombong kamu bang gamau sapa aku
584,584,584,3528 sisi lain windah
585,585,585,hoki kamu bang pake pancingan steady gak di enchant bisa dpt squid
586,586,586,aku suka maen roblok tpi aku ga goblok kok
587,587,587,kok gada notif live banhhaku nangis smpai kotaku jadi atlantis
588,588,588,bang katanya besok bakal ada update ikan god yaitu hiu madura
589,589,589,b
590,590,590,nama lengkap raka siapa bang
591,591,591,bang nanti main dynasty wariors origins
592,592,592,2650 epick momen  gabisa berakata kata
593,593,593,semangat bang windahhh
594,594,594,ga nyambung pantun lu bang
595,595,595,halo saya ibunya aidan ingin meminta maaf atas kegaduhan yang saya buat sebelumnya dan seharusnya saya yang lebih mengawasi tontonan anak saya saya meminta maaf untuk semua dan oembuat video ini
596,596,596,3528 momen epic 
597,597,597,gg kamu bang aku iri bamnget
598,598,598,tega km bng padahal aku baru aj tinggal hp aku ngmbil makanpas balik dah end
599,599,599,selamat bang bentar lagi 15 jt subcriber
600,600,600,baru opening aja udah di goblokin pantesan di goreng goreng xixixixi
601,601,601,day 97 request bang windah main lokapala
602,602,602,bang main fc mobile lagi dongskrng udh ada ovr 105
603,603,603,mie sm nagetku gmn ia bg aku join langsung end
604,604,604,kmu main goblox
605,605,605,baru juga nonton
606,606,606,cara dapatin cumi cumi raksasa itu yang paling gampang di snowcape bang
607,607,607,baru juga masuk udah keluar
608,608,608,itu sosis bukan sembarang sosis bang itu dari si pria sosis  trus iklan yang terakhir aku suka bang gg
609,609,609,roblox maniaaaaaaaa mantappppppppp
610,610,610,bang bagi roboxk
611,611,611,pergi ke danau memancing ikanberjemur matahari menjadi hitamhey adek2 jangan kamu sering main robloxnanti kamu jadi goblok
612,612,612,mamaku minta cumi raksasa kamu bangkatanya mau di bikin cumi asin
613,613,613,siap siap bang jam 8 malem bakalan ada update baru sama nanti di tangal 30 november bakal ada megalodon event
614,614,614,10519 apaan itu
615,615,615,40 mancing 60 yapping
616,616,616,nooo end
617,617,617,kecewaaa
618,618,618,gg bang bisa dapat cumi cumi raksasa selamat bang
619,619,619,045
620,620,620,intro yg menyenangkan  bikin bocil roblox mengamuk
621,621,621,dulu kamu pas smp dan sma kamu dibully bang brando
622,622,622,oke bg
623,623,623,kok gaada live chat
624,624,624,roblox bikin pusing njir kok bisa bocil pada betah
625,625,625,bang kapan lanjut game sherlok takparani
626,626,626,ninja kamu bang
627,627,627,semagat bang windah
628,628,628,gila cumi cumi raksasajangan lupa gabung ke discord pecinta roblox fisch  httpsdiscordcominvitemotionime
629,629,629,semangat bang
630,630,630,baru juga nonton bang
631,631,631,bg aku kecewa
632,632,632,2421 misteri cumi raksasa terpecahkan
633,633,633,sekem
634,634,634,kocak lu bg
635,635,635,bang muka lu semakin kotak bang gara gara elu sering main game roblox nya 
636,636,636,cakep
637,637,637,padahal aku belum puas dh end aj
638,638,638,langsung end
639,639,639,harus lanjutin sampe dapet ikan legendaris
640,640,640,tega ninggalin kita bang
641,641,641,10526 itu apa bang kok rame2 gitu
642,642,642,bang aku sagne liat muka lu bang
643,643,643,wkwk
644,644,644,game perang dong bang
645,645,645,ninjaaa
646,646,646,3529 sus
647,647,647,yahh dh selesai
648,648,648,di roblox ada twice bang
649,649,649,tega kau bangg
650,650,650,gw baru mau nonton live udah selesai duluan
651,651,651,
652,652,652,lanjut lah bang
653,653,653,gara gara dapet sosis
654,654,654,15juta sub giveway robux bang
655,655,655,tega banget bang windah
656,656,656,
657,657,657,bangke  baru juga join
658,658,658,disini raka berhasil membahagiakan almarhum ayahnya dengan penangkapan cumi raksasanya namun ikan woyo woyo belum terungkap sampai sekarang sehat selalu raka
659,659,659,yutuber ga niat lipe
660,660,660,telat ga bang
661,661,661,bang kamu mirip roblox
662,662,662,main roblox bikin goblok hai kamu bocil skem jgn bacot
663,663,663,tega kamu mas
664,664,664,tiba tiba banget bang end 
665,665,665,2655 gg raka
666,666,666,bg katanya ada ikan cupang pelangi bang
667,667,667,skemm
668,668,668,ternyata main fc mobile 3 bulan yg lalu sekarang sudah ada ovr 105 dan mau 15jt subs masih belum main juga
669,669,669,bagus bang sosisnya itu
670,670,670,skem anjir
671,671,671,2648 epick moment
672,672,672,pak u papi
673,673,673,mengapa langsung end streaming 
674,674,674,woi aku udah masak mie malah end
675,675,675,nasi padang baru ku buka km malah end bang tega
676,676,676,bang budiono siregar itu kapal lawd
677,677,677,kocak
678,678,678,mancing perkoro
679,679,679,kontrak
680,680,680,buset  el tega
681,681,681,yah baru juga joinn
682,682,682,bang kamu satu satu nya youtuber yang dapat cumi cumi raksasa dalam waktu kurang dari 30 menit
683,683,683,teganya kamu end stream bg yapping basudara
684,684,684,kapan observasion dutty 7 bang
685,685,685,10515 big blek kok
686,686,686,3528 secret ending wkwkwk
687,687,687,10519 dapet apa bg
688,688,688,dapat pickle terus 
689,689,689,ending sosis hitam legam asli bandung
690,690,690,gg dapet cumi raksasa ngomong2 lu mau 15 jt subs
691,691,691,singkat padat bersin end stream
692,692,692,tega kamu bang aku baru nonton makanan nya belom hbis
693,693,693,el ninja anying
694,694,694,bang ko langsung end
695,695,695,bang windah tega ninggalin joseph
696,696,696,kocak bang kalo dapet mitik end stream
697,697,697,gen x ngeyel ngeyel semua orang tuaaa
698,698,698,tega km
699,699,699,
700,700,700,bang aku baru nonton langsung end
701,701,701,ewe
702,702,702,el ninja
703,703,703,tega kmu bang
704,704,704,bg hiu kontolodon paling langka  bg
705,705,705,kocakkkkk ninja
706,706,706,bang aku jg punya sosis bbcbisa bikin cewe kenyang 9 bulan
707,707,707,atau ga mainin stardey valley
708,708,708,bang kapan main roblox rainbow friends 2
709,709,709,baru juga masuk
710,710,710,kamu kenapa ninja terus bangg
711,711,711,el ninja
712,712,712,walamak lamgsung end live
713,713,713,wkwkwkwkwkwkwkwkwkwkwkwk
714,714,714,cumi rakasa
715,715,715,bang lanjut ungkap semua ending 5hearts  terutama si seungyi kenapa dia tinggal di balkon 
716,716,716,lagi bang
717,717,717,baru juga masuk udah end stream aja kocak
718,718,718,ninja suuu
719,719,719,king ninja
720,720,720,jalan simulator
721,721,721,kocak kamu bang
722,722,722,baru juga join
723,723,723,ninja mulu nentod
724,724,724,astagaaa baru nonton beberapa detik lgsg end
725,725,725,kocak
726,726,726,bg kapan kapan main the spike cross lagi moga dibaca
727,727,727,itu bukan ikan
728,728,728,el dongeng
729,729,729,aku menunggu ikan megalodon bang windah
730,730,730,parah ges
731,731,731,
732,732,732,diskort puqimak
733,733,733,lah
734,734,734,bg baru join
735,735,735,ninja jink
736,736,736,memancing amarah
737,737,737,el bersin 
738,738,738,31
739,739,739,akuakuakuakuuuuakuuuuuuuakuuuuuuu stresssss
740,740,740,1 orang bahagia smua ikut bahagia 
741,741,741,ninjaa 
742,742,742,bang lanjutin silat
743,743,743,pertamax
744,744,744,awokawokawok
745,745,745,baru juga mau nonton
746,746,746,secret ending
747,747,747,mythic gede yg abang bisa dapetin ada di roslit  di bunderan air yg ada cahayanya trs di disholate deep itu yang gede gede bg rod jangan lupa di enchant bang ada di statue masuk terus harus malem malem bisa di enchant pakai enchant relic yang abang dapetin 
748,748,748,hoax
749,749,749,pertama
750,750,750,baru juga masuk masa langsung dpt cumi nya
751,751,751,kedua
752,752,752,bang brando ko kamu ga lanjutin game kungfu aku menunggu sampai berminggu minggu
753,753,753,el ninja
754,754,754,end
755,755,755,baru juga nonton udah n streamkocak
756,756,756,malah end bg
757,757,757,pertama
758,758,758,ninja kocakk
759,759,759,halloo banggg
760,760,760,yoo
761,761,761,jahat kamu bang aku baru siapin makanan kamu langsung end
762,762,762,bang itu apa rame
763,763,763,keren
764,764,764,el ninja
765,765,765,tega kamu bang
766,766,766,wkwkwkwk
767,767,767,kocak ninja
768,768,768,first bg
769,769,769,halo
770,770,770,lah
771,771,771,astaga baru masukk aku
772,772,772,first komen cuy
773,773,773,apalah malh end
774,774,774,scamm
775,775,775,gg
776,776,776,gj
777,777,777,skem
778,778,778,bg katanya update besok ada ikan legendaris bernama komtolodon apa itu nyata  atau cuma teori bocil roblok
