,comm_date,author,author_id,likes,comment,video_id
0,2024-11-23T09:26:38Z,@WindahBasudara,UCoIiiHof6BJ85PLuLkuxuhw,166,"Gila Cumi Cumi Raksasaâ€‹â€‹
Jangan lupa gabung ke discord pecinta Roblox Fisch : https://discord.com/invite/motionime",s9sIaeyPFXU
1,2024-12-08T14:39:47Z,@fahri69,UCJrFhJ0hjcD71ulSKZQw_Aw,1,bg lanjutin game nya ada update megalodon dan mosasaurusğŸ˜œ,s9sIaeyPFXU
2,2024-12-08T13:05:25Z,@KamaRestusinggih,UC1EwBD4uQVifAell4KTYDHw,0,Bang saya kasih megalodon,s9sIaeyPFXU
3,2024-12-08T09:33:14Z,@ibnuuuuuuu3,UC3JXTMg7hFldl4gwuKp_XbQ,0,Ko ga bisa di download vidionyaaaaaa,s9sIaeyPFXU
4,2024-12-08T07:13:52Z,@Tjongchinho,UCtyhZJOCm4jqZ20Wi0fd-IQ,0,Main bareng bang,s9sIaeyPFXU
5,2024-12-08T07:12:35Z,@Tjongchinho,UCtyhZJOCm4jqZ20Wi0fd-IQ,0,Main bareng yuk bang gua gak ganggu,s9sIaeyPFXU
6,2024-12-08T07:10:50Z,@Tjongchinho,UCtyhZJOCm4jqZ20Wi0fd-IQ,0,Main bareng bang gua kasih ikan bagus,s9sIaeyPFXU
7,2024-12-08T04:27:55Z,@EdyFahwaa,UCQjf0kf_Gr763BdzJA3RYIA,0,Bang winda coba mancing saurus merah,s9sIaeyPFXU
8,2024-12-08T04:17:29Z,@Aliung1247,UCFvqByM2plBxgLRd046XjDw,0,lanjut bng seru,s9sIaeyPFXU
9,2024-12-08T03:53:54Z,@Tjongchinho,UCtyhZJOCm4jqZ20Wi0fd-IQ,0,Bang gua mau ikut main,s9sIaeyPFXU
10,2024-12-07T17:00:04Z,@AirplaneSimulator-777,UCR-WwVRganylY1lpsyh19mQ,0,26:48 momen windah speechless,s9sIaeyPFXU
11,2024-12-07T15:49:46Z,@himalayamahatmahendrawan4033,UCXzNL_6Cmbq0DWnmGfdR95g,0,Bang abang kalo mau dapetin mosasaurus abang bisa ke ancient isle gua dapet albino mosasaurus,s9sIaeyPFXU
12,2024-12-07T11:44:53Z,@Raxxxxsiiiii,UC5zK8fcT7E55VnQ5IR5PZbw,0,halo,s9sIaeyPFXU
13,2024-12-07T08:03:57Z,@FaisalAjja-lt3my,UCDws2MJrY4lHEoeDxu3Knjw,0,"Bg aku ada saran cari duit sampe 15k abis tu beli magnet rod lalu mancing di sunstone island biasa ny dpt quality bait crate itu jangan di buka bg jual aja soal ny 1 itu harga ny   
1500C$ lumayan banget kan bg jdi mancing aja disitu klo udh banyak quality crate ny jual nnti untung banyak",s9sIaeyPFXU
14,2024-12-07T05:36:04Z,@BaimIbrahim-s2i,UC2KMF1FfS0RTZR6g2VBtemg,0,Banyak-banyak pusing piringnya semuanya dijual kanğŸ˜…ğŸ¤²ğŸ»ğŸ«µğŸ»,s9sIaeyPFXU
15,2024-12-07T05:35:00Z,@BaimIbrahim-s2i,UC2KMF1FfS0RTZR6g2VBtemg,0,Godzilla mana nanti datangğŸ˜¢,s9sIaeyPFXU
16,2024-12-07T05:33:11Z,@BaimIbrahim-s2i,UC2KMF1FfS0RTZR6g2VBtemg,0,Pause juga dong aku penasaran paus itu apağŸ˜…,s9sIaeyPFXU
17,2024-12-07T05:32:23Z,@BaimIbrahim-s2i,UC2KMF1FfS0RTZR6g2VBtemg,0,Jangan dijual kan itu kesayangan aku tadiğŸ˜¢ğŸ¥¹ğŸ˜­,s9sIaeyPFXU
18,2024-12-07T05:31:42Z,@BaimIbrahim-s2i,UC2KMF1FfS0RTZR6g2VBtemg,0,Iya aku setuju beli di kapalğŸ˜ŠğŸ˜Š,s9sIaeyPFXU
19,2024-12-07T05:28:00Z,@BaimIbrahim-s2i,UC2KMF1FfS0RTZR6g2VBtemg,0,Situ ikan cumi-cumi nya besar aku tahu itu ğŸ¥ºâ˜ºï¸,s9sIaeyPFXU
20,2024-12-07T05:27:08Z,@BaimIbrahim-s2i,UC2KMF1FfS0RTZR6g2VBtemg,0,Pesawat lulus itu cepet ğŸ¤¬ğŸ«µğŸ»,s9sIaeyPFXU
21,2024-12-07T05:26:33Z,@BaimIbrahim-s2i,UC2KMF1FfS0RTZR6g2VBtemg,0,Ayolah bilangnya lurusğŸ˜®ğŸ˜¡ğŸ¤¬ğŸ˜¡ğŸ¤¬ğŸ˜¡ğŸ¤¬ğŸ˜¡ğŸ¤¬ğŸ˜¡ğŸ¤¬ğŸ˜¡ğŸ¤¬ğŸ˜¡ğŸ¤¬ğŸ˜¡ğŸ¤¬ğŸ˜¡ğŸ¤¬ğŸ˜¡ğŸ«µğŸ»,s9sIaeyPFXU
22,2024-12-07T05:23:31Z,@BaimIbrahim-s2i,UC2KMF1FfS0RTZR6g2VBtemg,0,Kan ini udah sampai bagus sekarang bang bang ğŸ«µğŸ»ğŸ˜¡ğŸ¤¬,s9sIaeyPFXU
23,2024-12-07T05:22:46Z,@BaimIbrahim-s2i,UC2KMF1FfS0RTZR6g2VBtemg,0,Kalau maju pasti asik kiatnyağŸ˜…â¤,s9sIaeyPFXU
24,2024-12-06T13:48:16Z,@darmajepri1887,UCFJWFIQqc4YyZK8eHsNgpIA,0,mancing megalodon bangğŸ˜‚,s9sIaeyPFXU
25,2024-12-06T13:43:27Z,@stevenfernando4479,UCsBLI4sCnrvJlBW8LdVMnYA,0,Ap si tb tb end,s9sIaeyPFXU
26,2024-12-06T12:59:39Z,@ArviBae,UChVsURQ_RAfJgtUHXdmy0pQ,0,Bang aku dapat megalontongğŸ˜Š,s9sIaeyPFXU
27,2024-12-06T12:57:47Z,@ArviBae,UChVsURQ_RAfJgtUHXdmy0pQ,0,"Bang coba megalodon ğŸ‰ğŸ‰
ğŸ˜Š",s9sIaeyPFXU
28,2024-12-06T12:15:25Z,@EntitiyAiz,UCoIDul-eB2itAcbvwpm1-9w,1,Aku punya colossal 11biji loh bang mau gak aku kasih  ğŸ¥°ğŸ¥°ğŸ¥°,s9sIaeyPFXU
29,2024-12-05T23:36:46Z,@NamaSk-xf5tv,UCN8LxO6hWRsbMfYwGiHvISw,0,Lanjutin Fisch bang,s9sIaeyPFXU
30,2024-12-05T08:03:23Z,@omiseomise4431,UCQ3hSW12seVbFoHuwO2Nnvw,0,1:03:11 sumpilll ini sfx nya sangat pasaran ğŸ—¿,s9sIaeyPFXU
31,2024-12-05T07:59:24Z,@omiseomise4431,UCQ3hSW12seVbFoHuwO2Nnvw,0,55:54 but a story,s9sIaeyPFXU
32,2024-12-05T07:08:09Z,@omiseomise4431,UCQ3hSW12seVbFoHuwO2Nnvw,0,21:37 gila serem juga liat tangannya ğŸ’€,s9sIaeyPFXU
33,2024-12-05T06:56:44Z,@omiseomise4431,UCQ3hSW12seVbFoHuwO2Nnvw,0,"Gila GK tau main game ini grafiknya ğŸ¤¯
Meanwhile gw liat temen gw main game ini grafiknya ğŸ—¿",s9sIaeyPFXU
34,2024-12-05T06:54:10Z,@omiseomise4431,UCQ3hSW12seVbFoHuwO2Nnvw,0,Seharusnya lu main ini pake hiu Madura,s9sIaeyPFXU
35,2024-12-05T06:50:15Z,@omiseomise4431,UCQ3hSW12seVbFoHuwO2Nnvw,0,4:13 player hp menangis well ğŸ¤ª,s9sIaeyPFXU
36,2024-12-05T05:38:49Z,@EniKartina,UCJwZ2YiQUlHVS2sVnIOwvzA,0,Lanjut geh bg,s9sIaeyPFXU
37,2024-12-05T05:38:19Z,@EniKartina,UCJwZ2YiQUlHVS2sVnIOwvzA,0,Lanjut geh bg,s9sIaeyPFXU
38,2024-12-04T13:51:05Z,@YetiAliyu,UCT0tAF8WEoJtnVYtHQJGLfQ,0,"cumi cumi juga bisa tanpa di snowcap bang, caranya itu abang tunggu malam berkabut habis itu abang pergi ke komoas arah ya W sampe ujung, pancing disitu",s9sIaeyPFXU
39,2024-12-04T12:59:47Z,@YudfgcGT,UCZHb5TMpQPnK5oethr0IIpg,0,telat ga bang,s9sIaeyPFXU
40,2024-12-04T09:36:27Z,@afinstorrecamee0222,UCeMmCZeRBOTinM0qFVBEENA,0,GA lanjutin lagi kah bang,s9sIaeyPFXU
41,2024-12-04T00:03:33Z,@DLord666,UCoTgQD20AJb2duNfeBHeR3g,0,Bang sekarang buktikan di kehidupan nyata bahwa kamu bisa mancing!,s9sIaeyPFXU
42,2024-12-03T13:41:22Z,@Ranz120,UCvjvSp9A-W6XWwWyqr0QUrA,0,lanjutnya gak ada???,s9sIaeyPFXU
43,2024-12-03T08:44:12Z,@kiplicinakeren,UC8dp_oiWxb3_yWcGk5o1t7A,0,1:05:23 Batang Hitam Besar,s9sIaeyPFXU
44,2024-12-03T06:06:48Z,@IndrieSukmanajaya,UCfnQ3HHdGvjayPZbBvsuY2Q,1,Ahh,s9sIaeyPFXU
45,2024-12-02T14:13:19Z,@mayaagustina9948,UCkqrtXhBGZbQeY5PBluLGJw,0,Bang raka itu siapa,s9sIaeyPFXU
46,2024-12-02T13:30:20Z,@figrihfahrezih,UCr9BP2zjg1ztInlUTMYjf7A,0,Budiono siregar: citaÂ² ku kapal lawd,s9sIaeyPFXU
47,2024-12-02T12:49:25Z,@MuhammadrioramadhanRioramadhan,UCrKecVt3-bGvGIVwGsFzH2A,0,Dilautan,s9sIaeyPFXU
48,2024-12-02T11:33:51Z,@AirilAnwar-p7v,UCFync1E24t7kvUJtpsZkObg,0,Bang main game fishing simulator Roblox bang,s9sIaeyPFXU
49,2024-12-02T10:50:29Z,@Difficultway_forsinner,UCTSUIYR0dqAsWgoDOjBReOQ,0,"Bang paus donk lebih menantang, sama hiu juga ada bang",s9sIaeyPFXU
50,2024-12-02T06:42:18Z,@bocilreplay_08,UCFbAusNTvdOhRDqvL3swYFg,1,Halo bg WindahğŸ˜,s9sIaeyPFXU
51,2024-12-02T04:24:36Z,@ginaasmafadhillah8,UC1RxYRLcX4Aah_jrJiiY_Xw,1,mirip yang ada di game play together,s9sIaeyPFXU
52,2024-12-02T04:14:22Z,@muhammadriskisaputra4171,UCUwg8z2avPzykU1w5jg0qbQ,0,akupercinta Roblx,s9sIaeyPFXU
53,2024-12-01T15:46:57Z,@Refarixch6703,UCuqWAWHhDrlOZ_XKqb3sZGw,0,macing mania,s9sIaeyPFXU
54,2024-12-01T15:27:18Z,@Jerry_YT_Short,UCVrgX7i9qtUg4o11nBqdcpg,1,35:29 ğŸ¤¨ğŸ¤¨ğŸ¤¨,s9sIaeyPFXU
55,2024-12-01T14:23:18Z,@Relzz-33,UCKjMe9z7ThrN15nf7TJyKJw,0,Bg video nya gk bisa di download,s9sIaeyPFXU
56,2024-12-01T10:02:56Z,@KucingJantanPerkasa,UClsDmvhLD1hxun_iLmjxMNg,0,bang dapetin mosasaurus bang lokasi nya di ancien isle itu gede banget bang,s9sIaeyPFXU
57,2024-12-01T09:03:47Z,@jinggadelfi9380,UCiQYVkpS6PELYBph1FYcYVQ,0,Selain Winda basudara akan ngalahin gua gua 8000 kilo,s9sIaeyPFXU
58,2024-12-01T08:21:04Z,@gojosatoru-pb1gi,UC5RC9E4a3oBZG99Ln_MV4ew,0,"bg,bang stresmen udah punya buaya      
purba sama monster laut nesse jan sampai kalah",s9sIaeyPFXU
59,2024-12-01T02:12:51Z,@Fahmi.anshari,UCa50orZgD5BzoseBkhcgLeA,0,Bang pengen main sama abang nya 3:24,s9sIaeyPFXU
60,2024-12-01T00:45:41Z,@ekokristiono997,UCYzaHrHkRYnUTlFYTn3kYIQ,0,Rheh,s9sIaeyPFXU
61,2024-11-30T18:42:25Z,@Kiell-el8bk,UCgdoWTdx3bbth8u2Zf2Gx7g,0,mampua piewnya dktitğŸ˜‚,s9sIaeyPFXU
62,2024-11-30T13:54:00Z,@BagasBagas-li2lc,UCezOx6_RP1JiLRgxlu_G5SA,1,1:47 nama lagunya apa?,s9sIaeyPFXU
63,2024-11-30T12:49:42Z,@PRAMOEDJALVS29,UCWgOqaxxnQDIQs7aZs-QGuw,0,Mantap mas Brando,s9sIaeyPFXU
64,2024-11-30T10:08:36Z,@FransLeonardo-g3v,UC7oCnIR61GdeBzh3KhMkytA,0,SEHAT SEHAT BANG,s9sIaeyPFXU
65,2024-11-30T09:56:37Z,@ErnawatiSagitarius-z4w,UCXMvXfbOB_6y3_8kiQvaciA,0,ikan  lefiatan,s9sIaeyPFXU
66,2024-11-30T09:22:17Z,@MP_KENZz,UCqkFZf_GGt9Q9h5iFKoF5lQ,0,26:49 bang windah : ğŸ˜®,s9sIaeyPFXU
67,2024-11-30T08:05:10Z,@daffaalvinoslbew9747,UCot4Gi4rWPxT9uHI4SIdvBA,0,Sigma ğŸ˜®,s9sIaeyPFXU
68,2024-11-30T04:58:45Z,@jehezkielfrenssenciuswanto8144,UCrEz184INlsYRgw3YDCIpwQ,0,Bang fc mobile,s9sIaeyPFXU
69,2024-11-30T02:06:16Z,@ahmadfadilmuharam9787,UCw5YoRMPmB4xdXwxME_OksA,0,Next mancing di real life dong bang,s9sIaeyPFXU
70,2024-11-29T22:02:10Z,@Angel-fh7zh,UCRX_Z3pbHRGwlC5o6YyvPcQ,0,"lu belom liat ancient depth serpent, nessie dan megalodon",s9sIaeyPFXU
71,2024-11-29T14:42:53Z,@nnauramf,UCcRYC6hL1YnMWyN7f5ptOFQ,0,"26:51 kirain mau lagsung end stream jir, ternyata masih ada 39 menit lagi",s9sIaeyPFXU
72,2024-11-29T13:19:17Z,@k.hareuW,UCqT3MX3bY43Upfolf0R0G9w,0,Bang lanjut plis,s9sIaeyPFXU
73,2024-11-29T05:57:23Z,@AldianoKyoDuwa,UCVHdwZMi8C1jIqhCMSjCZGg,0,LANJUTIN BANG,s9sIaeyPFXU
74,2024-11-29T04:03:31Z,@AmmarSyameenAhmadAmin,UC9zGylh55iV0WXaSGB2w_kQ,0,Bang ke the depth boleh ka,s9sIaeyPFXU
75,2024-11-29T00:27:59Z,@putraa679,UCl-TNMrOL8yNIuDKMGRNYsg,0,"Cumi-cumi itu gampang 
Menurut ku",s9sIaeyPFXU
76,2024-11-29T00:26:09Z,@putraa679,UCl-TNMrOL8yNIuDKMGRNYsg,0,Bang aku dapat cumi-cumi 2 kali,s9sIaeyPFXU
77,2024-11-29T00:22:26Z,@putraa679,UCl-TNMrOL8yNIuDKMGRNYsg,0,Aku tingkat 55,s9sIaeyPFXU
78,2024-11-29T00:22:03Z,@putraa679,UCl-TNMrOL8yNIuDKMGRNYsg,0,Bang aku dapat cumi-cumi itu pakai pancingan kings,s9sIaeyPFXU
79,2024-11-29T00:20:09Z,@putraa679,UCl-TNMrOL8yNIuDKMGRNYsg,0,Bang ada ikan tuna sirip biru,s9sIaeyPFXU
80,2024-11-29T00:18:42Z,@putraa679,UCl-TNMrOL8yNIuDKMGRNYsg,0,Itu harganya 3500,s9sIaeyPFXU
81,2024-11-29T00:16:23Z,@putraa679,UCl-TNMrOL8yNIuDKMGRNYsg,0,Bang aku sudah dapat cumi-cumi,s9sIaeyPFXU
82,2024-11-28T22:23:32Z,@Rasifarh,UCy8hnOfDfDz10l_QRNQtgsA,0,semoga cepet ga roboh yağŸ˜”,s9sIaeyPFXU
83,2024-11-28T22:18:44Z,@mrayawigunaaa09,UC4nfEcZfcE3q4kEfGXUiMTw,0,bang windah skin anomali nih pasti,s9sIaeyPFXU
84,2024-11-28T14:23:02Z,@Kenziak193,UCyHJWy8CzLIZmN5HhdOk_4g,0,Bang ada alligator di swamp,s9sIaeyPFXU
85,2024-11-28T12:22:21Z,@GedeDaniel-v5p,UC2pZd_yZwe5qdRUoRqrngZw,0,Gw tukang hackers apa lu?,s9sIaeyPFXU
86,2024-11-28T12:00:34Z,@SaikoCh,UCRnS3aqHx5gevEYMO0hxczg,0,Lanjut dong bang,s9sIaeyPFXU
87,2024-11-28T08:36:12Z,@teduhgiri8142,UCdbQSWTO2iKEDG_BcNARqRg,0,endingnya yaalah ngakak,s9sIaeyPFXU
88,2024-11-28T03:42:47Z,@RakaOktadiansyah-qt3mc,UCGEwgTZ8xIJ7B2i4ZQEwEMA,0,Bang namaku Raka bang,s9sIaeyPFXU
89,2024-11-28T03:24:32Z,@Ainun-m8y,UC1hYUgVaZmCW7AlaFQ9DVFw,0,Sus banget pas liat foto,s9sIaeyPFXU
90,2024-11-28T02:09:14Z,@adritheodorus774,UCG1Avf1ZxQxBCqWmpQaA0_g,0,Bang mudah mudahan Abang sehat selalu amin dan sukses selalu,s9sIaeyPFXU
91,2024-11-28T01:33:32Z,@Jester-ve4es,UCoybYuewLWOXaBkjBamjtCw,0,Hiu Sumatra terlupakan kah bgggğŸ˜¢,s9sIaeyPFXU
92,2024-11-27T15:53:35Z,@ikidd7432,UCLLgFx-hg0Mm82cYqc4pwQw,0,39:37 naik naik naik ngakak njir ğŸ˜‚,s9sIaeyPFXU
93,2024-11-27T13:06:59Z,@mattcobain8086,UCFc_fs37vaw-jTfE3ROC3xw,0,Bang cara dapet kapal,s9sIaeyPFXU
94,2024-11-27T12:15:14Z,@SanzEver,UCz-0JvEyf3pR5Uvwum0jb_A,0,Bg ad kapal plandasmen ğŸ˜®,s9sIaeyPFXU
95,2024-11-27T10:40:16Z,@Kenziejogja,UCt-oNlxnNPGgeG81Wpjr2IQ,0,Aku pernah dapat yang cumi cumi besar yang 12.000 kg,s9sIaeyPFXU
96,2024-11-27T05:50:53Z,@Mikailgamingshort,UCxLfKMXi_e2lx6g0sWVqBYA,0,Bang aku dapat juga,s9sIaeyPFXU
97,2024-11-27T05:30:12Z,@all_in.Micell,UClrYpRnESzbHHHD6kTc4uRg,0,bang coba mancing megalodon,s9sIaeyPFXU
98,2024-11-27T04:42:10Z,@Pandu_bocil,UCdtz1rIVfApkNMj_D-Vt7xA,0,mancing terossss,s9sIaeyPFXU
99,2024-11-27T04:19:36Z,@faridhakim6493,UCr3DlhUWVA6MiwC4hn2zhKA,0,Awokawok kena mental,s9sIaeyPFXU
100,2024-11-27T02:53:37Z,@SusantiPohwain,UCxEm0D3i7r5agRYJzV5PYlA,0,bg kapan blox fruit 11111111111111111111111111111111111111111111111111111111111111111111111111111111111111111111111111111111111111111111111111111111,s9sIaeyPFXU
101,2024-11-27T01:46:14Z,@AMIRUL012,UCmIEAoOZ_m9Uq5zTOvSUUXw,0,bang windah kemana ikan woyo woyo?,s9sIaeyPFXU
102,2024-11-27T01:42:04Z,@ukrz-f31,UC_H6DY8QpjXKyK6ZavpMqbA,0,Aku terharu pas bang windah bercerita,s9sIaeyPFXU
103,2024-11-27T01:37:54Z,@Refinasasa,UC29qsB2Cp4abkiHA7qsioUQ,0,"Bang, sekarang animash bisa battle bang, bisa tanding sma pemain lain",s9sIaeyPFXU
104,2024-11-26T23:22:35Z,@rakhadzakys_1ka01,UC55DutyHB6tpzObjstCDO2w,0,perjalanan saya,s9sIaeyPFXU
105,2024-11-26T18:22:04Z,@halim7704,UCoJPhhZxRc-tsL5llsEgZOQ,0,Gw udh add abg windah,s9sIaeyPFXU
106,2024-11-26T18:06:27Z,@halim7704,UCoJPhhZxRc-tsL5llsEgZOQ,0,"BG mau gw bagi ikan besar 1000kg gak kalau mau add friend gw BG nama gw hazizul_jijoy makasih 
1:38",s9sIaeyPFXU
107,2024-11-26T15:59:12Z,@rayyan9639,UCPe6X1Quzb9YqsHXw2mZMzw,0,robi kok pucet kayanya cerita kaya sekawan 5 dah satu nya hantu,s9sIaeyPFXU
108,2024-11-26T14:08:06Z,@ChnoaKamila,UC2s4Nusa4A1D-2p8dtmFgWA,0,Aku level 22 aja belom dapetğŸ˜­,s9sIaeyPFXU
109,2024-11-26T13:26:14Z,@TevanoSuryaputra,UCc9tVAU-14xmBj1f418br8A,0,Bang coba main king legacy,s9sIaeyPFXU
110,2024-11-26T12:27:51Z,@Rehan-v4,UCZy_rkujTpVBzQFFIpKhoig,0,Nama apk yg auto  click itu ap?,s9sIaeyPFXU
111,2024-11-26T10:59:20Z,@AbidAbdillah-h9l,UC8O5KnfY5kjmPgXjsExZTPw,0,Cyiakentanachi,s9sIaeyPFXU
112,2024-11-26T10:58:37Z,@AbidAbdillah-h9l,UC8O5KnfY5kjmPgXjsExZTPw,0,Cyeaanmmm,s9sIaeyPFXU
113,2024-11-26T10:38:00Z,@DeffsonYangHebat,UC0jaXcHA8GbhfPZAtY3xHQg,0,hati hati hamil bang,s9sIaeyPFXU
114,2024-11-26T10:10:06Z,@manbetweenus8686,UCaLvvLEL4xV_bTt54Q_dK-Q,0,sengaja mati demi cerita budiono siregar,s9sIaeyPFXU
115,2024-11-26T10:07:49Z,@nailabocilkecewa,UCFuRExS7Qn9SNYl64-rfVaw,0,strimer storytelling,s9sIaeyPFXU
116,2024-11-26T09:57:30Z,@melilebong1308,UCcl2IEftVEhG2MOcRvXUWgg,0,Gg first time langsung dapet,s9sIaeyPFXU
117,2024-11-26T09:15:34Z,@NaufalPratama-m4r,UCBeT72x54C_p5AVn1O3xdeQ,0,Join,s9sIaeyPFXU
118,2024-11-26T08:45:58Z,@azzel4563,UCk8wDwfTNdHZJaa5GaYGCsA,1,24:30 njir baru 1x pancing langsung GGğŸ˜±,s9sIaeyPFXU
119,2024-11-26T02:01:15Z,@hazwanhusain5514,UCOrjJCCU2G8z9R33dIlJh_A,0,seruuuu,s9sIaeyPFXU
120,2024-11-26T01:43:56Z,@hisyamali4114,UCjkeVLzp1rh_Wt8KCC6WRcg,0,Kamu mancing perkoro bang,s9sIaeyPFXU
121,2024-11-25T22:51:28Z,@LillyChanN,UC6NLK3r1ImdmidtnWZqNTGQ,0,pengen di PIN dan di notice oleh kak windah,s9sIaeyPFXU
122,2024-11-25T19:09:31Z,@afiffirstya4450,UCxZdqBqPiMQqXiTaT7R0DvQ,0,Bang lu ke menu trs on fitur bendera bang jadi lu bisa liat tmpt orang orang dapet ikan legendary sama mythic,s9sIaeyPFXU
123,2024-11-25T16:21:51Z,@hazehaze-jw2xj,UCEdolDK8-nIJL9wnTMh_aJQ,1,"Ini raka siapa ya? Kok kaya, ga kismin. Rakabuming kah?",s9sIaeyPFXU
124,2024-11-25T15:38:20Z,@ryox2204,UC7bhnAXdLysSB67z01AZgCw,0,akhirnya aku bisa bahagiakan orang tuwa aku â¤â¤â¤,s9sIaeyPFXU
125,2024-11-25T15:38:19Z,@The_weekenddd,UCLXnTxLDGNoQUY-lLfi14LA,0,bg mommy gran jual video ğŸ—¿,s9sIaeyPFXU
126,2024-11-25T15:12:39Z,@Leo-l8i9c,UCfGcDb1v2crMK6qPV9PqRFQ,0,Ahirnya Raka Mencapai Cita Cita nya,s9sIaeyPFXU
127,2024-11-25T14:00:17Z,@DeliandiShinobu77,UCDtlMoYt-uxAhH1DXUtiGXg,0,mengocok ğŸ˜»ğŸ˜‚,s9sIaeyPFXU
128,2024-11-25T13:55:48Z,@muhammadzakiy6886,UC-x3bzTP8KmGpQgST2pyeiQ,0,bang griding dlu pas offline bang sampe kekumpul banyak duit beli kapal dan pancingan paling mahal bang,s9sIaeyPFXU
129,2024-11-25T13:27:06Z,@AduduBillo,UC5bsWhM5QAaZrXeaQPgtXnw,0,Yg dimaksud ikan woyo woyo itu ancient mythical spectral serpent?,s9sIaeyPFXU
130,2024-11-25T12:31:05Z,@moses0021,UCpm2bzsUJD85Gsd_VAnRrKQ,0,39:53 ğŸ˜‚ğŸ˜‚ğŸ˜‚ğŸ˜‚,s9sIaeyPFXU
131,2024-11-25T12:26:12Z,@moses0021,UCpm2bzsUJD85Gsd_VAnRrKQ,0,32:51 ikan isonade bang windah kan ada tuh kek pusaran angin nah jangan masuk mancing di dekat situ nanti dapat isonade cara lebih gampangnya pakai radar,s9sIaeyPFXU
132,2024-11-25T12:11:10Z,@jwidia935,UCguya6QPlCyNhV9ngJGpcZw,0,31:43 wkkwkwwkwkkw raka old money,s9sIaeyPFXU
133,2024-11-25T11:55:39Z,@JadiGini0,UCmRSF7z3URSHBIquSG6AnSQ,1,Sosis jumbo khas Pati,s9sIaeyPFXU
134,2024-11-25T11:44:22Z,@ayonimaluxu,UCOlJYFnb1jdk5WSb8VmqwZQ,0,Betapa masuk akal nya pantun bang windah ğŸ˜®,s9sIaeyPFXU
135,2024-11-25T11:11:40Z,@ayaachanneel,UCgwdrcimtMyRy_e-nS_yf2g,1,bang coba main homicipher,s9sIaeyPFXU
136,2024-11-25T09:49:25Z,@Saber_328,UCxVWKo1btqtQtoxwv-jX2yQ,8,"Saran gw klo mau lumayan cepet dapet collosal squid :
Umpan : truffle worm
Saran enchant : Hasty
Pancingan : trident,Aurora,king,dan juga stedy
Code redeem : 100M,ThankYouFollowers",s9sIaeyPFXU
137,2024-11-25T08:35:46Z,@JadiGini0,UCmRSF7z3URSHBIquSG6AnSQ,1,bang kamu mirip guruku di sekolah,s9sIaeyPFXU
138,2024-11-25T08:21:54Z,@shakiraera7665,UC2tpyR5I7kpfKhxv_A2LoIw,0,"Windah ğŸŸ ikan.  ğŸ˜¢ğŸ˜¢ğŸ˜¢manaikanbusa. He ğŸ˜…
ğŸ˜¢ğŸ˜¢ğŸ˜¢ğŸ˜¢ğŸ˜¢ğŸ˜¢ğŸ‰ğŸ‰ğŸ‰ğŸ‰ğŸ˜…ğŸ˜…ğŸ˜…ğŸ˜…ğŸ˜®ğŸ˜®ğŸ˜®ğŸ˜®ğŸ˜ŠğŸ˜ŠğŸ˜Šâ¤â¤â¤â¤â¤â¤â¤88888â¸88888888888â¸888888loankaoqğŸ˜…ğŸ˜…ğŸ˜…ğŸ˜…ğŸ˜…ğŸ˜…ğŸ˜…ğŸ˜®ğŸ˜®ğŸ˜…ğŸ˜®ğŸ˜…kaosijx ke dalam bilik itu dan ini adalah kerana mereka tidak boleh digunakan oleh guru dan iel ke dalam rumah dan iel yang paling baik untuk kesihatan tubuh badan yang paling mulia di Ipoh semalam dianggap paling penting untuk kesihatan dan kecantikan dan kesihatan pekerjaan dan yang paling baik akhlaknya baik untuk kita semua tahu dan iel yang paling penting untuk kesihatan tubuh badan kita semua dapat melihat dengan jelas dan iel ğŸ‰ğŸ‰yang paling baik untuk kesihatan dan iel yang paling baik untuk kesihatan dan kesejahteraan serta untuk kita semua tahu bahawa mereka tidak boleh digunakan untuk kesihatan dan kecantikan dan kesihatan dan kecantikan dan kesihatan pekerjaan dan iel yang paling penting adalah integriti perlu dan e dan iel yang tidak pernah ada cadangan lain yang tidak boleh digunakan sebagai ubat yang boleh dilakukan untuk membuatkan kita mahu barang bantuan 1Malaysia dan iel ke dalam bilik darjah dan kesihatan pekerjaan yang paling baik akhlaknya dan iel yang tidak boleh digunakan sebagai bahan utama kilang dan jentera kerajaan dan kesihatan pekerjaan yang paling penting ialah mencari ğŸ˜…dan ğŸ˜®menyelamat ğŸ˜®dan ğŸ˜®eğŸ˜® ğŸ˜®yang tidak ğŸ˜®ğŸ˜®pernah ğŸ˜…berlaku ğŸ˜…sebelum ğŸ˜®dan ğŸ˜®ğŸ˜¢iel ğŸ˜®ke atas ğŸ˜¢ğŸ˜®ğŸ˜¢ğŸ˜¢ğŸ˜®ğŸ˜® use this form of yang di-Pertuan agong Tuanku Abdul Rahman yang juga merupakan pelaburan utama pertama dan iel yang paling baik untuk kesihatan dan kecantikan dan kesihatan pekerjaan yang paling baik untuk kesihatan",s9sIaeyPFXU
139,2024-11-25T07:12:24Z,@ErnidaNaibaho,UCyNY4QQyWipTqp7n7GfRoKA,0,28:18 cumi gasing jirrğŸ˜‚ğŸ˜‚,s9sIaeyPFXU
140,2024-11-25T06:57:33Z,@FikrifiryalFikrifiryal,UCpLF1D0EyKhOxl6c2rejEfQ,1,Bng wind beli trident rod,s9sIaeyPFXU
141,2024-11-25T02:35:52Z,@hinabila3140,UCjpzK3sxGJS64Zb7fMzo6Jg,1,4:28 wanita kesayangan kita,s9sIaeyPFXU
142,2024-11-25T02:26:01Z,@mattamvedit,UChXy_Jxu2HpKs2Vg95TBI0g,1,BANG ADA BANYAK IKAN MISTERIUS YANG PALING BESAR,s9sIaeyPFXU
143,2024-11-25T01:34:59Z,@riquenza,UCMyxVfM6ckx9RZTYyfQeiQQ,0,cakep,s9sIaeyPFXU
144,2024-11-24T23:11:50Z,@BaiaturRidwan-d5u,UCvEruk95VYqqd38BTw0DGQw,1,"ada ikan raksasa menyala, warna hijau bang",s9sIaeyPFXU
145,2024-11-24T18:55:23Z,@apingari,UCkthfZgAPAqT5je9RxS14bw,0,cara enchant gimana dah?,s9sIaeyPFXU
146,2024-11-24T18:40:43Z,@manzchannel2p,UChBC9DXU5kQSQOWoMXRYSHw,0,pamer cumi raksasa,s9sIaeyPFXU
147,2024-11-24T16:50:03Z,@harry-ee8dd,UCl-djG_fgyqGOljUxBFLRpw,0,"bang pls lanjutin game viewfinder,uda full riliss",s9sIaeyPFXU
148,2024-11-24T15:20:14Z,@nxyrachn,UCZ37AYq5VFrewhxt1_1cj5A,1,aku iri sama nabila kesayangan kamu bangğŸ¥ºğŸ¥º,s9sIaeyPFXU
149,2024-11-24T15:08:33Z,@suraidibocil3324,UCTGQjuj7oDG5BxAd-NpebOw,0,Halo bangğŸ˜Š,s9sIaeyPFXU
150,2024-11-24T14:30:46Z,@raakey-s2b,UCZTAcgDYdsr3mA_1Xq3eboQ,0,KAPAN LIVE BNG,s9sIaeyPFXU
151,2024-11-24T14:11:34Z,@fazura7677,UCKhWqLYJbtezn9B8CEyOXrA,0,WHYYYY GABISAA DI DOWNLOAD VIDEONYAAA ğŸ˜¢ğŸ˜¢ğŸ˜¢ğŸ˜¢,s9sIaeyPFXU
152,2024-11-24T14:09:13Z,@Rasyid-dp8sx,UCSy10ctwKxO43CaOdFjsgvQ,0,35:54 bro terdiam ğŸ˜ğŸ˜ğŸ˜,s9sIaeyPFXU
153,2024-11-24T14:02:55Z,@Dian_CapyBara,UCKlIMKdlJgxhjvEZdKOPJDQ,0,Bang coba cari pusaran air terus masuk bang,s9sIaeyPFXU
154,2024-11-24T13:32:49Z,@safiraff9302,UCOq7-D53Q6ia85E3nz4egjw,1,pantun bersajak a-a-b-b,s9sIaeyPFXU
155,2024-11-24T13:29:41Z,@IsahIsah-sy3rs,UCUoFSdUDUPoWh_jU4TJ62Vw,0,Bang abang bisa mancing sambil kemudiin pperahunyağŸ˜…,s9sIaeyPFXU
156,2024-11-24T13:24:28Z,@kriss7421,UCR-D2Mn1lR90js91i3cp5YQ,0,"Bang, aku ketiduran dengerin dongengmuğŸ¥±",s9sIaeyPFXU
157,2024-11-24T13:22:41Z,@muhammadzidane2563,UCA9h4dBmB2i7OfJ5yh8eBYg,0,bang aku mancing di sungai kok ga dapet colossal squid sih bang,s9sIaeyPFXU
158,2024-11-24T13:06:18Z,@catmeong7477,UCbanffdzplRCSPthj_5CR8w,0,"bang nanti raka akan dipromosikan oleh ayahnya menjadi pemimpin kru dengan cara yang melanggar peraturan bang walaupun raka tidak layak, karena ayah raka dulunya adalah pemimpin kru tersebut",s9sIaeyPFXU
159,2024-11-24T13:00:21Z,@gavynabraar2167,UCbjR-IXpzWVUNTQgbo18fHg,0,fischbach,s9sIaeyPFXU
160,2024-11-24T11:57:31Z,@Frigidus1,UCpeKKIQpRosajXX3YAhAAjg,0,Next kumpulin 50.000 buat beli pancingan di roslit atau gak beli king rod 110.000 buat dapetin ikan besar,s9sIaeyPFXU
161,2024-11-24T11:50:27Z,@Haqii_forjob,UCFc0Ysio-dOz5btezlumRKw,0,SEMOGA CEPET GK RUBUH KTA DIA,s9sIaeyPFXU
162,2024-11-24T11:20:09Z,@manusiamisterius1111,UCZXRhp-QmyVdBeqrfgu1JnA,0,Gw kalau main game ini playernya 1%mani ng 99% pamer ikan,s9sIaeyPFXU
163,2024-11-24T11:15:31Z,@PepsyyPussy,UCniN0WiznY6VGlA4ndwECmw,0,Kurang kecil bg suara ny,s9sIaeyPFXU
164,2024-11-24T10:58:49Z,@ãƒã‚«-s4w,UC9fzdDl2_LPohRnapznLDkQ,0,Mancing Leviatan bg,s9sIaeyPFXU
165,2024-11-24T10:45:37Z,@Jeremiah5648-w2v,UC-PS3Saoug8s_zkBH06WhKw,0,Bang bisa ke di donload,s9sIaeyPFXU
166,2024-11-24T10:02:46Z,@Tatang-t2v,UCKemfFYg2g3w-ww15O1_6gg,0,Bang nama Roblox bang siapa,s9sIaeyPFXU
167,2024-11-24T09:55:57Z,@ennaoktaviana7758,UC0S8_nIxxrX2C-3vEVYQc8w,1,gg bang,s9sIaeyPFXU
168,2024-11-24T08:57:28Z,@MemeForyou4,UCQ59-Dw6vqSB87xoxcsuNAA,1,End nya malah teripang Fadel tol Cipularang,s9sIaeyPFXU
169,2024-11-24T08:56:41Z,@gzzsky648,UC1ntUASD-rmmjFy7AiUtrrA,0,Bg mau magma rod ga bg gw tau nih,s9sIaeyPFXU
170,2024-11-24T08:39:29Z,@Lipzz999,UCOSYlN2-QqwYpI8wPdpIFbg,1,siapa yang suka mancing,s9sIaeyPFXU
171,2024-11-24T08:38:45Z,@MinderVanAllay,UC7_X_hE0Jb3REk27jzcFezg,0,Cumi bisa jadi seafood ya ? saya alergi cumi ...,s9sIaeyPFXU
172,2024-11-24T08:20:59Z,@aguswinarto6039,UCNSTJIkfVUAaobXOiTnGCwQ,0,Bang aku suka gran,s9sIaeyPFXU
173,2024-11-24T08:19:06Z,@norkhalidaaa,UCxkV5udSMu1Bly1EIgh3bmQ,0,50:50 mati wkwkğŸ˜‚,s9sIaeyPFXU
174,2024-11-24T08:04:07Z,@ellytiurmaida5891,UCMsLZZxoEt87v9LT1PtCtPw,1,Bg pliss nanti malam/sore main game fisch lagi bg gamenya seru dan santai bangetğŸ‰,s9sIaeyPFXU
175,2024-11-24T07:43:58Z,@bonaventuraLucky,UCCoC3fCrS1mncyHn87AgjGA,0,Aku dapet peta harta karun di level 3 bagus ga? ğŸ˜,s9sIaeyPFXU
176,2024-11-24T07:43:05Z,@Triyadi-cz6tx,UCPBO-nWVQWI1M6LP7iblhGQ,0,Halo,s9sIaeyPFXU
177,2024-11-24T07:17:14Z,@yuu0166,UCNd2mWDlaXpfS8V7I191PDw,0,"masak in cumi"" nya bang",s9sIaeyPFXU
178,2024-11-24T07:15:02Z,@nicoyaaaaa,UC609sHuqu7rI-huGvNcPH3g,0,bang aku sama kaget nya pas kamu dpt cumi raksasa ğŸ˜®,s9sIaeyPFXU
179,2024-11-24T07:10:12Z,@ZeLucky12,UCgni83gV1tPxhRy03RnouBw,5,"26:52   wah, mantap bang windah dapet cumi-cumi raksasağŸ¤©ğŸ‰ğŸ‘",s9sIaeyPFXU
180,2024-11-24T07:09:36Z,@alomaniraa,UCgSjSfjgmQNb9g4PChG3QKw,0,raka sultan gabut,s9sIaeyPFXU
181,2024-11-24T07:04:18Z,@liefppp,UC70A312wDD_G0yion4TF_Mw,1,raka daripada menjadi pemancing legendaris lebih baik jadi pengangguran yang suka nonton yutuber maen game mancing,s9sIaeyPFXU
182,2024-11-24T06:49:14Z,@nurhotimah1783,UCt2omDnWzLZjqP0E7CVpSpQ,0,Ayon item Lo bg,s9sIaeyPFXU
183,2024-11-24T06:39:07Z,@muhammadricko3891,UC-_PKQ3E56iQ-jhYJW2we3Q,0,wow,s9sIaeyPFXU
184,2024-11-24T06:38:55Z,@ZeLucky12,UCgni83gV1tPxhRy03RnouBw,7,26:16 epic moment + kayaknya cumi-cumi raksasa dehğŸ˜®ğŸ¤©,s9sIaeyPFXU
185,2024-11-24T06:29:33Z,@Niggardly999,UCs5etcDvhQhSNFcWGybcVoQ,0,Bang coba kamu dapatkan jelifish emperor katanya itu ikan paling susah ditangkap,s9sIaeyPFXU
186,2024-11-24T06:20:45Z,@yudhaart3190,UCRJyiKox_A0p7okB8JFzkeA,1,Bg masih ada ikan yg lebih gede dari pada cumi raksasa,s9sIaeyPFXU
187,2024-11-24T06:20:09Z,@eby-z7h,UC6Q3gne8yoOEAjahe8Z89hQ,0,next dapet paus lah bang,s9sIaeyPFXU
188,2024-11-24T06:06:56Z,@akbarrefaldi5094,UCuzDFYEcfGXm9EJDfP1zHWw,0,"Bang, bapaknya Raka presiden di negeri Ahonok",s9sIaeyPFXU
189,2024-11-24T06:05:26Z,@AdzBae,UCaIxyiL7XaSmDs0ovcNDtbQ,2,Seru banget liat kamu mancing di Roblox bang sambil aku mancing di sungai belakang rumah,s9sIaeyPFXU
190,2024-11-24T06:00:21Z,@LinaMarlina-n9o,UCrgokX02vMB0T3JAvpljz7w,0,Main blox fruit kpn bng,s9sIaeyPFXU
191,2024-11-24T05:44:19Z,@ripaikontrol,UCVbmISj41kkE0z-eOzxHzPQ,0,26:50 cumiÂ² pertama raka,s9sIaeyPFXU
192,2024-11-24T05:37:35Z,@ammararossi5730,UClFIDCd467pDmH-89HXHLcA,0,Bg main lagi,s9sIaeyPFXU
193,2024-11-24T05:35:04Z,@LYNXtv732,UCu8ZYyAIwWadxtNFIVK6BAQ,0,Budiono Siregar adalah legenda laut nort sea,s9sIaeyPFXU
194,2024-11-24T05:34:39Z,@billypramussurya3143,UCVmC_RsJmizoN41Qgyb_rlw,0,Banggg Mainin Haikyuu Touch The Dream,s9sIaeyPFXU
195,2024-11-24T05:33:34Z,@kusairinadi2496,UCeZMeLWSY1EUoW4e6eYcoZQ,0,Kenapa gk bisa di dowload vidionya bang padahal mau liat ofline,s9sIaeyPFXU
196,2024-11-24T05:23:34Z,@ROOOWRR0982,UChGYiBdzAmiE8x8pnZ-ATNA,1,Bang kata kawan gw ada bom atom juga di fisch,s9sIaeyPFXU
197,2024-11-24T05:18:40Z,@radityamajid,UCVfBJIixMNly7yzS90Q9sDw,0,RIP WINDAH SIMULATOR BASUDARA ğŸ˜¢,s9sIaeyPFXU
198,2024-11-24T05:08:51Z,@RasyaKatelune,UCRBnKOupKqJUJh3ace0FG0Q,0,Gg bocil pun bahagia,s9sIaeyPFXU
199,2024-11-24T05:07:35Z,@RendyElek-ke9kk,UCZ7GBWuQL5ANxACM9PxhCyg,0,Lagu kebangsaan bang windahğŸ—¿,s9sIaeyPFXU
200,2024-11-24T05:05:25Z,@BaimWisnu-u7e,UCggUpAN3gXGmDZpH3rWlqYw,22,50:00,s9sIaeyPFXU
201,2024-11-24T05:04:48Z,@BaimWisnu-u7e,UCggUpAN3gXGmDZpH3rWlqYw,0,49:27,s9sIaeyPFXU
202,2024-11-24T04:58:40Z,@dekhapermanasurbakti9636,UCRXXwfSFQtFKqNYR8UiLLvQ,0,Ditunggu part 2 ya bg,s9sIaeyPFXU
203,2024-11-24T04:56:05Z,@enricoreee5442,UCR0JjPCUyyN13jjtcAxpcig,0,gg kamu rakağŸ˜®,s9sIaeyPFXU
204,2024-11-24T04:54:59Z,@ismisari12,UCAI42QjR7t7WnE_VHJM1pKA,0,Bang Raka orang kaya ternyata,s9sIaeyPFXU
205,2024-11-24T04:41:13Z,@bagreggamingyt6987,UCv7-iyt-ClyLviWO387O8OQ,22,2:45 udah roboh kocak,s9sIaeyPFXU
206,2024-11-24T04:40:45Z,@javirini2002,UC-EXTSXBmCfMUSMZ2c2OERA,0,Tet teret teret tet teret teret teret teret teretettt,s9sIaeyPFXU
207,2024-11-24T04:38:59Z,@MikasaBasudara681,UCP8VIkKnUFoAK0OCMFB3Cjw,1,gg bang windows aku bangga,s9sIaeyPFXU
208,2024-11-24T04:34:09Z,@yaitu-xf2ge,UCU83Lzkv3-niNr7UrGzk2jA,0,Akhirnya Amba raka menangkap ikan besarğŸ˜¨,s9sIaeyPFXU
209,2024-11-24T04:30:04Z,@FaizaMendrofa-jv1hc,UCRlx8DPUFKAcSyItOLJULFw,0,35:50,s9sIaeyPFXU
210,2024-11-24T04:28:52Z,@akufanswindahh,UCSIkxE9L_D020xk1b-KTKHA,0,Aku memancing dan mendapatkan IKAN TONGKOLğŸ˜¢,s9sIaeyPFXU
211,2024-11-24T04:28:18Z,@downywony9273,UC1pYyFCZ8wWS8vOBuCHhivA,0,Main the witcher 3 bang,s9sIaeyPFXU
212,2024-11-24T04:27:16Z,@reynaldyyermia8002,UCH_XQPJPO1FDkzRYXU2a-RA,0,El-pamer terdiam wkwk,s9sIaeyPFXU
213,2024-11-24T04:17:22Z,@AchengGaming,UCjsITV3vcfemmPeR30ZIdNw,0,"Bang windah, bisa tolong aku ga, akun nyokap gua di retas dana ny di retas dana Tik tok juga di retas, jdi gua minta tolong ke bang windah soalnya ga tau lgi mau minta tolong ke mana, ğŸ˜¢ kalo ga bisa gpp bang ğŸ˜¢",s9sIaeyPFXU
214,2024-11-24T04:13:22Z,@adenurfita1581,UCnkliTTlSzgwZExuxkr3C1g,0,Ikan madura rivalnya raka,s9sIaeyPFXU
215,2024-11-24T04:11:49Z,@Jeelze,UCXp92OJIVa5vnOc00ciO_Sg,0,Bg the mimic ada chapter baru,s9sIaeyPFXU
216,2024-11-24T04:09:58Z,@AdnanGeming-g9f,UCz89hshBxbzjVGBK2PtixDQ,0,Wnda kena mental cuyğŸ˜‚,s9sIaeyPFXU
217,2024-11-24T04:09:19Z,@mzafranibra208,UCVv2HBOLbfXQIC9kHm5QPEg,0,gg win,s9sIaeyPFXU
218,2024-11-24T04:01:50Z,@ilhamgood7728,UCcZ00mRqDqSvgywJdFEfRww,0,"bang, bossnya ayah raka pernah mengatakan sebuah pancingan yang sangat dahsyat, terdapat di kedalaman laut, untuk mendapatkannya bang windah butuh 750k duit+relik hexed dan relik abyysal. dan jika bang windah sudah mendapatkan pancingan dahsyat itu, ikan woyo woyo ataupun ikan paus putih akan takut jika melihat pancingan itu.",s9sIaeyPFXU
219,2024-11-24T03:41:52Z,@antonturyono5069,UCJhg5G5yiVQgHmIqKuAEbfQ,0,Dada gue sakit,s9sIaeyPFXU
220,2024-11-24T03:41:42Z,@antonturyono5069,UCJhg5G5yiVQgHmIqKuAEbfQ,0,Dada gue sakit,s9sIaeyPFXU
221,2024-11-24T03:22:54Z,@renggaarianto3380,UCoBR_ARM3tic-gDtk2MYrJw,0,ditunggu mancing ancieny depth serpenynya bang ğŸ‘ğŸ‘,s9sIaeyPFXU
222,2024-11-24T03:22:22Z,@Pandaa_6352,UCzcYY0b_8CXext_yMmunzDw,0,"Raka, kamu harus semangat untuk mencari harta Karun nya, karena ayah mu mewarisi pancingan legend di harta Karun itu, dan harta Karun itu ada 100",s9sIaeyPFXU
223,2024-11-24T03:21:24Z,@jilannnnnnn,UCm46fsrokeUHii7i63vlVcw,3,Ada ikan ambalodon,s9sIaeyPFXU
224,2024-11-24T03:20:47Z,@needless100,UClCDw3qQAwB7Azdn7LFLbPQ,1,"plot twist sebenarnga ayah raka adalah sahabat budiono siregar dan pancingan yg dikasih ke raka sebenarnya pemberian dari budiono siregar fakta itu terungkap setelah raka menemukan catatan di bawah cumi cumi raksasa.akhirnya raka memutuskan untuk menjadi pemancing terhebat sepanjang masa melampaui budiono siregar dan suatu saat akan mengembalikan pancingnya ke budiono siregar.

what a story",s9sIaeyPFXU
225,2024-11-24T03:15:23Z,@rayyessa,UCRGUPgRD6fvVOFsbc49GA6A,1,Seneng bet bng brando main ini lagi...:),s9sIaeyPFXU
226,2024-11-24T03:13:38Z,@HyFukadaaa,UCfIz357Qru5jilDWUofCgSw,1,Ambaraka,s9sIaeyPFXU
227,2024-11-24T03:03:00Z,@Mo_fami,UC11yrxWQv-bVbYe_C4Jni-Q,0,Lanjutkan blox fruit bang,s9sIaeyPFXU
228,2024-11-24T02:58:58Z,@Zerotwo-j2u,UCPgIs9WEHbsYqN5YRgvzXiA,0,akhirnya windah main fisch lagi ğŸ˜Šâ¤,s9sIaeyPFXU
229,2024-11-24T02:58:40Z,@LionelMiguel-210,UCIjAcbfQudH2pqhJUQ-tZGQ,0,gg bang tpi kamu brisik,s9sIaeyPFXU
230,2024-11-24T02:55:29Z,@AndikaPratama-qe3bv,UC5tKqRdg2wIkTnQziiOvj_A,1,Pergi ke danau untung menangkap hiu brando yeyeyeğŸ‰ğŸ‰ğŸ‰ğŸ‰,s9sIaeyPFXU
231,2024-11-24T02:51:36Z,@Fawpaw1220,UCIaQXnhS2k9U8NkeVihgsRA,0,Bang Cita cita nya manağŸ˜¢,s9sIaeyPFXU
232,2024-11-24T02:49:49Z,@littlevalhalla,UCwY5hrgEQpXqrvdJMUFunyg,0,26:39 cumi bibisi,s9sIaeyPFXU
233,2024-11-24T02:46:43Z,@toxickimexxx3773,UCe-XNAAT_X2wBxijcukBzOg,0,Ilham kemana bng?,s9sIaeyPFXU
234,2024-11-24T02:39:55Z,@El23567,UCC_zj2WmwtBKRsfSv2GbTMQ,0,Bang min 50 robux,s9sIaeyPFXU
235,2024-11-24T02:38:11Z,@Abiganteng07Abiganteng,UCtelLNRmQuDD_C0ht77yb_g,0,Sapa aku bang ğŸ‘‹,s9sIaeyPFXU
236,2024-11-24T02:30:14Z,@goldroger2768,UCRnhHWtqT5F8u5PIDsA8QzA,0,Bang ada leviathan bang di game ini,s9sIaeyPFXU
237,2024-11-24T02:28:05Z,@tristantimothynoron,UC2sYtkpuwwYTkwaqrZboHAQ,0,B aja,s9sIaeyPFXU
238,2024-11-24T02:25:02Z,@irfanyusron8265,UCiH2w0HFT94FVL9Jp6dZITg,0,udah dibilangin jangan ambil harta karun chance pancingannya kecil ngeyel,s9sIaeyPFXU
239,2024-11-24T02:22:27Z,@ifren1079,UCiw0en-JXgzuPP_5iBgBL_Q,0,ikan cupang lima,s9sIaeyPFXU
240,2024-11-24T02:19:30Z,@ardiyansah6430,UCY1F_g5TtqlZlRV0ulSG0SQ,0,ğŸ˜¢selamat pagi bang windh dan slmat mlem Minggu akhirnya main roblok juga,s9sIaeyPFXU
241,2024-11-24T02:16:56Z,@rafiayyub,UCA2hVxjIg-EpQqHiMSNVu1A,0,streamer dongeng,s9sIaeyPFXU
242,2024-11-24T02:16:24Z,@ReqsyZyaputra,UC6evsr87pNqszT8C4No846g,0,Bang coba main blok fruit,s9sIaeyPFXU
243,2024-11-24T02:06:03Z,@wirdataulany,UCeNDIJz7XP_ID8cslL-U9bw,0,kecewa parah:(,s9sIaeyPFXU
244,2024-11-24T02:01:52Z,@fenamarisah5758,UC1tchJXFl-EKcuiwkvXHk2A,0,"10000
Qghhgj
ğŸ‰
ğŸ‰
ğŸ‰",s9sIaeyPFXU
245,2024-11-24T02:00:37Z,@tinafebrianti6688,UCWeJf-fXVvmvCkX1zxyPPyQ,0,"Semangat bang Windah live streamingnyaâ¤
â¤â¤â¤",s9sIaeyPFXU
246,2024-11-24T01:58:26Z,@JiHan-w9l,UC36C7nsuDOSnNhBYft1YDYQ,0,bg,s9sIaeyPFXU
247,2024-11-24T01:49:45Z,@satriaputra8477,UCrlw-lJhdGMMiHZGO_oNvLg,0,Bang tangkap hiu madura,s9sIaeyPFXU
248,2024-11-24T01:43:22Z,@rgzgaming4196,UCvTVLVOdMTUXLXTB0E3KFRA,1,Like aku 1000 aku diet 1 bulan,s9sIaeyPFXU
249,2024-11-24T01:37:52Z,@kopisantaistudio3371,UCHprvamOGQpS4aEedIyYnmw,1,"Raka adalah cucu dari pramowo dan anak dari mulyono, 2 pemancing legendaris yang pernah menemukan ikan legendaris woro2, di akhir hayat nya terlibat dengan kerusuhan antara nelayan dan ras ikan hiu madura sehingga namanya di hapus dari sejarah karna keterlibatan nya di kerusuhan tersebut. Sebelum meninggal, kakek pramowo dan bapak mulyono menyatakan bahwa ikan woro2 itu nyata dan membuat raka ingin membuktikan dan mengembalikan kejayaan leluhurnya. Selagi raka mencari ikan legendaris yang bisa mengguncang dunia, keturunan terakhir ikan hiu madura mencari jalan untuk balas dendam akan pembantaian ras nya.",s9sIaeyPFXU
250,2024-11-24T01:21:49Z,@FikiTamir,UC06uXYVZkwEMTt3HCb0AK1A,0,banngg akuu rindduu GRANN,s9sIaeyPFXU
251,2024-11-24T01:14:22Z,@risdian1977,UC4eBfP_xTewDDesPUMJgMDg,0,bg lanjutin main game fighting school simulator,s9sIaeyPFXU
252,2024-11-24T01:09:22Z,@RadisyaDisya,UCiuBUDiGHrJtr1nHSbfH6gw,0,BANG COBA MAIN GAME THE MIMIC DI ROBLOX SUMPAH BIKIN JANTUNG GA AMANN,s9sIaeyPFXU
253,2024-11-24T01:07:17Z,@TitoRedmi-c6h,UC4EyuziS6J3w30vPnd5fkSA,0,Bang terima pertemanan bang,s9sIaeyPFXU
254,2024-11-24T01:06:41Z,@muhammadfaissyaifur3400,UCiL_aMoYBTG-dNXNV3ageaQ,1,Bang coba main game ini pake outfit nelayan bang,s9sIaeyPFXU
255,2024-11-24T01:06:19Z,@yesiam777,UC6zEQsxR89VS3VAnPrs42Ng,0,Kapan blox fruit woi,s9sIaeyPFXU
256,2024-11-24T00:59:04Z,@ferdyrp4154,UC74_8WMtVndkOjmgWjAwuCQ,0,gg bg,s9sIaeyPFXU
257,2024-11-24T00:55:59Z,@RafaPutra-i9j,UC06wPSYB2nGx78yFGv2KN2g,2,bang lanjut tin main kantin sekolah simulator kayak nya ada update plisss bang seru banget nonton bang windah main katin skolah simulator,s9sIaeyPFXU
258,2024-11-24T00:49:52Z,@vergil5198,UCr7A1zWOp8X7gjo5JT-lPKA,0,Bang setiap main roblox sekarang kok gabisa didownload ğŸ˜¢,s9sIaeyPFXU
259,2024-11-24T00:46:45Z,@Abdulgofur-hp1xl,UCdPD0evMj68fb8O4FTeoq_g,0,Beli pancing baru bg,s9sIaeyPFXU
260,2024-11-24T00:46:29Z,@mfazaakbar2129,UCraYaevxeYevnvL7zimSmVA,0,52:39,s9sIaeyPFXU
261,2024-11-24T00:43:50Z,@Canverluss,UCkTvbMtBxsr9hkxsXDakZJw,0,akun goblox aku di hack orang bangğŸ¤¬ğŸ¤¬,s9sIaeyPFXU
262,2024-11-24T00:12:10Z,@afifa_ahna,UCkO6BHZvvgz69iPJNVpYP5g,1,Bangg coba main homocipher semoga di bolehin,s9sIaeyPFXU
263,2024-11-24T00:12:10Z,@yupi-d9b,UCdKTSE4Q__RSt7TfWS60vIg,0,ğŸ˜‚,s9sIaeyPFXU
264,2024-11-24T00:07:29Z,@muhamadbaghiz,UCyEqfc0IVpESsSn9_cGcE6g,1,gg bang windah bentar lagi 15 juta subss,s9sIaeyPFXU
265,2024-11-24T00:06:09Z,@Gatau_Venom,UC_QaB-daNYKATYG5n1FfDrg,0,G,s9sIaeyPFXU
266,2024-11-24T00:05:19Z,@Yuiop6969,UCWoB3h60BCB0I--yb7lFb6Q,0,Bang kamu ikan jenis apa?,s9sIaeyPFXU
267,2024-11-23T23:58:36Z,@BethFth,UC-UyA8aDPKJFP9DLLdCgwEw,1,1:47 ini lagunya apa bang,s9sIaeyPFXU
268,2024-11-23T23:42:38Z,@xy.kojer7,UCOmyBjazTrRxHNz2ElcnGPA,0,ya vid nya ga bisa di downloadğŸ¥²,s9sIaeyPFXU
269,2024-11-23T23:35:08Z,@ramahwiji6403,UC5HFgi_DTsE4fUh-1u-228w,0,"Menit 10:57  ke belakang keknya ada yang jawab iya, denger ga?

50:36 itu juga ada yang ngomong 'saya\sela?",s9sIaeyPFXU
270,2024-11-23T23:34:19Z,@RexGimang,UCuz6GzT54WnX5AEqcIsC82Q,0,gg,s9sIaeyPFXU
271,2024-11-23T23:34:06Z,@RexGimang,UCuz6GzT54WnX5AEqcIsC82Q,0,gg,s9sIaeyPFXU
272,2024-11-23T23:22:10Z,@Remusliann,UCabZr-hJGyPVhSpr0Fa5vcw,0,kamu penyefong game fomo bnag,s9sIaeyPFXU
273,2024-11-23T23:21:32Z,@RayanFatahillah,UCvKihUAcv5AFNSaZmxEWCxA,0,Bang react skibidi toilet bang,s9sIaeyPFXU
274,2024-11-23T23:08:36Z,@IrYani-jv7wg,UC_GoirZyAf71HAuInMfSePg,0,Bang coba dapetin Leviathan,s9sIaeyPFXU
275,2024-11-23T23:07:24Z,@hvmmm.n4ae,UCij-wvy_mhOXvL16llNMcCw,0,dapat cumi yeey,s9sIaeyPFXU
276,2024-11-23T23:05:50Z,@RILLP.,UCFJPj_UdKyCMMTrvceiYQnw,0,Selalu pake umpan bang,s9sIaeyPFXU
277,2024-11-23T22:54:46Z,@Ralp_game,UC0LeqA_sFn8Kol7I57Rav3w,0,Bang windah kenapa dulunya tidak main roblox,s9sIaeyPFXU
278,2024-11-23T22:54:37Z,@muhzakariya3344,UCMQMBNXsI0KRcXcjsP1Wd_w,0,hlloo bngg winnn,s9sIaeyPFXU
279,2024-11-23T22:44:52Z,@vexxx-zz,UChXtED7xG9MINYYhQeGGr1Q,0,Intro nya Garing Bg,s9sIaeyPFXU
280,2024-11-23T22:25:25Z,@semoga20jutasubsbang,UCMi-wR2pr69pnIoH9IFNAwA,0,telat gaa bang?,s9sIaeyPFXU
281,2024-11-23T22:19:02Z,@yesiam777,UC6zEQsxR89VS3VAnPrs42Ng,0,Bangga mAma mu bg,s9sIaeyPFXU
282,2024-11-23T22:18:32Z,@attaullah7017,UCLYlop_2_RBh2Ejdm9HbuCg,0,Assalamu'alaikum Warohmatullahi Wabarokatuh,s9sIaeyPFXU
283,2024-11-23T22:18:27Z,@attaullah7017,UCLYlop_2_RBh2Ejdm9HbuCg,0,Jangan Toxic bg.,s9sIaeyPFXU
284,2024-11-23T21:59:20Z,@Dimas_railfans-p8u,UC6n6pIHig1X9jbzNmNJwaqg,0,Bang mancing hiu gojila,s9sIaeyPFXU
285,2024-11-23T21:58:55Z,@muh.haikal8306,UCJ8Waz96hYWQMlDpueL5BZA,0,Bang vid nya gak bisa di download,s9sIaeyPFXU
286,2024-11-23T21:40:17Z,@eniwahyuni6898,UC0pKMhGgJ0lVGRpQiDNpsvg,0,Tega kamu bang,s9sIaeyPFXU
287,2024-11-23T21:36:40Z,@Ambawizyx,UCjx9P3AwY_q1jwfENtzIAdg,0,Game Kungfu simulator terlupakan,s9sIaeyPFXU
288,2024-11-23T21:12:26Z,@djikriilmi4484,UCAG_wIqUMv_JqHUdWuTLQQA,0,Bg lanjutin mancing mendapatkan semua ikan dan menjadi raja lautan,s9sIaeyPFXU
289,2024-11-23T21:04:29Z,@xauzy4k,UCJdHPiBVN8mGRmb4eaWWTXg,1,"Sarann bgg kalo mau main fisch bukaa privat server nyaa biar viwer bisaa kasih tau kamuuu bang ikan yang besar""",s9sIaeyPFXU
290,2024-11-23T20:17:00Z,@iamandaputrii,UCyROOfZ6j2nfNjT3CTKOWVQ,0,emang bapaknya raka udh meninggal? bukannya lagi di solo? ğŸ˜¢,s9sIaeyPFXU
291,2024-11-23T20:13:57Z,@rivalisnireza9335,UC8uE3_R8ojJV2NpTYvW1woA,0,game psht simulator terlupalanğŸ˜¢ğŸ˜,s9sIaeyPFXU
292,2024-11-23T20:07:47Z,@Nixkft,UCjs-oQQfyMvID15kQBQ0wng,0,Siapa di sini suka cumi2ğŸ‰,s9sIaeyPFXU
293,2024-11-23T19:58:18Z,@PANDIMODESAD,UCyaHqnHFpwBiACbDvZkdJOA,0,MAIN ANIME TOWER DEFENSE DI ROBLOX DONG BANG,s9sIaeyPFXU
294,2024-11-23T19:57:36Z,@MuhammadalFatih-rh2id,UCXwj0v2259w8-ybMdVfYl1A,0,RADIPOANJIKJIK,s9sIaeyPFXU
295,2024-11-23T19:43:20Z,@umarjkt1736,UCNZfyeElGHmSMih3RhVQzwg,0,Bang pliss tangkep ikan kontoLodon,s9sIaeyPFXU
296,2024-11-23T19:29:00Z,@bagol144,UCKRKeNXfynPvr6dDfSCtucQ,0,jarjit menangis di pojokan denger pantun mu bg,s9sIaeyPFXU
297,2024-11-23T18:40:36Z,@piereatth,UCgmam5ETh3g0vAOXioDPsuw,0,BENTAR BANGETT BANG YAAMPUN GUSTI NU AGUNGG,s9sIaeyPFXU
298,2024-11-23T18:39:57Z,@andrey_holiday,UCpH0EYORrzovE_zUWfRj-fQ,0,wuiih trending....... jadi pgn ngonten map ini....,s9sIaeyPFXU
299,2024-11-23T18:29:00Z,@rfqinlirfnnn_,UCP4Vbb2CT6bhIt9yuaUpmIg,0,mancing perkoro rek,s9sIaeyPFXU
300,2024-11-23T18:27:00Z,@Bayyyuuuuuu,UCpZ6crcXzWWt9AxhxOXBxNQ,1,Pantun nya keren bgğŸ˜‚,s9sIaeyPFXU
301,2024-11-23T18:20:54Z,@rezayudhaardana,UCLktm7fbBG5476jBmUSkdow,0,Bang lanjutkan main game capybara go plis,s9sIaeyPFXU
302,2024-11-23T18:13:05Z,@Aldira-p8m,UC2_paE3Ix16LUHv-8wNXGMA,1,â˜•ğŸš¬ğŸ—¿,s9sIaeyPFXU
303,2024-11-23T18:09:29Z,@Hilal-tr8zq,UCkKTniPR5_5TnIk5muoXLoQ,0,"Dari kemarenÂ² nunggu, akhirnya lanjut jugağŸ˜…",s9sIaeyPFXU
304,2024-11-23T17:57:23Z,@seovertic,UCiQ0dDYFKC_omxz5RfG-qhg,0,Kenapa gabisa di download si bang yampun,s9sIaeyPFXU
305,2024-11-23T17:51:16Z,@EdiAnton-c6i,UCZM-MrhUzM8rS-u2geDWv2A,0,Bang main game kutukan dijamin enak atau the curse bahasa inggrisnya,s9sIaeyPFXU
306,2024-11-23T17:19:25Z,@ibnu8487,UCwzUFE_crsMVRKJ0PwRsrJQ,3,Memang paling enak nonton bg Brando sambil makan mie ğŸ¤©ğŸ¤©ğŸ¤©,s9sIaeyPFXU
307,2024-11-23T17:17:29Z,@AlfianBiasa-ow7bp,UCkXKTZfFLGsFI-KpQDATM7Q,0,Game yg bikin goobox bang yuwan ğŸ˜‚jgn lupa ngopi bang ğŸ˜‚,s9sIaeyPFXU
308,2024-11-23T17:10:33Z,@zaxsandi357,UCrAko6OcddD5-usHoLbIrsA,0,27:40 ğŸ˜²ğŸ˜²ğŸ˜²ğŸ˜²,s9sIaeyPFXU
309,2024-11-23T17:08:19Z,@muhyiddin__5638,UCcL2G6NrCn_fgTR48u_ncKQ,0,Pendongeng Handal,s9sIaeyPFXU
310,2024-11-23T17:06:07Z,@rafliansyahluthfiherwin2830,UCSb2FG2cdECUPY_vP6RV-UA,0,Flying dutchman ğŸ˜­,s9sIaeyPFXU
311,2024-11-23T17:03:08Z,@elpuutra,UCDK7Lors5thYcETG7Ko74cA,2,Bang main share lock tak parani bang,s9sIaeyPFXU
312,2024-11-23T16:49:45Z,@IZUUURA,UCOJfa-Ndo2Ciungx99HAxGA,5,"Raka the legendary fisherman
ABSOLUTE CINEMA",s9sIaeyPFXU
313,2024-11-23T16:41:18Z,@FarhanCokk,UCxjPmi9wGlklgsgTyJDSnOA,0,cumi sambel terasi ğŸ—¿,s9sIaeyPFXU
314,2024-11-23T16:41:09Z,@reyhanputra4177,UC8tnlxDRCwMkZuIjefkkkLQ,0,orang tua sepertimu gacocok main roblokkk,s9sIaeyPFXU
315,2024-11-23T16:24:31Z,@Shavana-jt9pd,UCGZsD3bthnwMtSWocR72Czg,0,Jual bg dpt 100kğŸ˜‚,s9sIaeyPFXU
316,2024-11-23T16:20:35Z,@luqrelax,UCrPddGWdLgceCiZI292mviQ,0,"Kamu yang nonton ini pas makan,
Kata kunci Ujang Kedu.
Aowkkwkw makan yang banyak yaa",s9sIaeyPFXU
317,2024-11-23T16:11:32Z,@fxxkallchild,UCXsj4dx3x7Razcg88ErtCyw,0,Aku lihatnya pas malam bang ğŸ˜¢,s9sIaeyPFXU
318,2024-11-23T16:05:00Z,@FarhanAnakBaik-u3e,UC-A6KkDj0fZaT6aptsrtZew,0,"""ya tuhan, yaallah""  salan toleransi bang brando",s9sIaeyPFXU
319,2024-11-23T15:52:30Z,@Rbt12345,UCd7ke-RutgkPN6LlpZa7naQ,0,RAKA : ORANG KAYA,s9sIaeyPFXU
320,2024-11-23T15:52:01Z,@lullabiesst,UCrT99ffa9gSS54LaYdYMQfA,0,wihh trending trs cuy ğŸ˜®ğŸ˜®,s9sIaeyPFXU
321,2024-11-23T15:50:47Z,@gggaming-e5x,UCqQeNyDPWwv0WoiZ8Hvb-Pw,2,"35:56 niatnya mau ngasih paham,malah dikasih pahamğŸ˜‚",s9sIaeyPFXU
322,2024-11-23T15:50:05Z,@aidostacumalaka,UCXCmIknxt95bkWauRAk-lPg,0,selamat raka(buming raka) atas cumi raksasanya,s9sIaeyPFXU
323,2024-11-23T15:48:28Z,@danangdwi8790,UCmHs3yBpKz2xa2FrkPpfE3A,5,next beli pancingan aurora rod / mythical rod bang buat farming. tapi lebih bagus aurora rod sih buat farming. tapi harus punya aurora borealis harganya 500k kalo mau aku kasih bang gratis. habis itu beli trident rod bang syaratnya lengkapin bestiary/ikan di desolate deep. terus dapetin the depth rod pancingan paling OP untuk saat ini. karena pancingannya bisa ngeluarin bunshin dan bisa ikut dapetin ikan juga bayangannya,s9sIaeyPFXU
324,2024-11-23T15:46:16Z,@derrryyy2170,UCEKoDUDXhAubx12Ni6HBNRg,0,Terimakasih bang Windah udh ngelanjutin fischğŸ¤—ğŸ¤—,s9sIaeyPFXU
325,2024-11-23T15:41:46Z,@akbarkusuka97,UCQfXgZYWRRIzXvD9NjEujpg,12,"New Event

Mosewood   : Claw Gill, Fossil Fan, Barracuda Spine
Rosilt     : Spine Blade, Shark Fang, Spine Bone
Mushgrove  : Nessie Spine
Snowcap    : Spined Fin
Forsaken   : Ancient Serpent Skull, Ancient Serpent Spine

Kalau Udah Semua go to Dr Finneus untuk dapetin Handwritten Note lalu jalan kearah NE sampai menuju (Uncharted Island) dan tentukan puzzle sesuai di Handwritten Note",s9sIaeyPFXU
326,2024-11-23T15:41:01Z,@Justrealmadridd,UCJMoqNMdGI7o2dqYHkI-Biw,3,Semangat bg ke 15jt subscribers nyağŸ”¥ğŸ”¥,s9sIaeyPFXU
327,2024-11-23T15:38:00Z,@RDN_OFFICIAL172,UC5QHNy4Ot5MOnAAnkuKEpjQ,0,woi aku aja yg mythical rod belum dapet colosalğŸ˜‚,s9sIaeyPFXU
328,2024-11-23T15:31:20Z,@jasonjames_onyoutube,UCIOrJWHLX6Xm_sXpYSY7nbw,0,itu gimana cara tahu waktu dan lokasi server?,s9sIaeyPFXU
329,2024-11-23T15:30:16Z,@frostim123,UCK3nxKC7tBLYKW9J5f9Tm5A,0,Halo bang winda aku udah dapat yang aku ingin kan Dari dulu ia itu ikan kayak bang winda cumi2 Alaskar makasih bang theory nya bang sehat selalu ya gua Dari Malaysia ya bang ok bang winda dada Amin bang Amin,s9sIaeyPFXU
330,2024-11-23T15:30:04Z,@opiktohari,UCtBoGNxp6czZFUOBGNsg5pw,0,bjirr dapett,s9sIaeyPFXU
331,2024-11-23T15:27:49Z,@ryzalgaming3003,UCX7rt2Zmv7619qe8RKbXs1g,1,bang aku cinta novianiâ¤,s9sIaeyPFXU
332,2024-11-23T15:23:52Z,@ido03,UCiWC0fq6w-7Zp78is3A0W7w,0,Gelooo â¤,s9sIaeyPFXU
333,2024-11-23T15:22:51Z,@allyciaac,UC_gTwhs5yU9eHdE8dsPFi-g,0,yey gem roblok lagiğŸ˜Š,s9sIaeyPFXU
334,2024-11-23T15:18:54Z,@so.illogical2277,UClJ3weBkET_lDcOGm9m02Mw,0,35:28 aku jga mw ğŸ˜‹,s9sIaeyPFXU
335,2024-11-23T15:11:11Z,@dafilopelopetepos,UCsz0PVEr8ieXOsgUkM4ItpA,0,masi cupu aku aja ydah level 500 dan mempunyai fish no lifeğŸ¥±ğŸ¥± es game,s9sIaeyPFXU
336,2024-11-23T15:09:13Z,@beatricks9268,UC7-_4Gbqim_6_6JO4GhH5cA,0,bang aku lebih suka kisah Raka daripada game anomali,s9sIaeyPFXU
337,2024-11-23T15:04:59Z,@CallaaFHE7,UCyYNJFZV-iPZiEFpWURabow,0,ayo bang next time dapetin mutated shark,s9sIaeyPFXU
338,2024-11-23T15:02:12Z,@Avontime,UCtOw2DlGav5tPexSfhOdxJw,3,1:55 ada yg tau nama backsong ny?,s9sIaeyPFXU
339,2024-11-23T15:01:18Z,@sarahaulia09,UC_hEMigjjoNVmvgm5b8zJCA,0,Bang kamu harus ungkap misteri ikan woyo woyo supaya ayah raka bangga,s9sIaeyPFXU
340,2024-11-23T14:54:43Z,@RealUUmu,UCV1FCDalAQiIYeqIE0lyGmA,0,2:18,s9sIaeyPFXU
341,2024-11-23T14:39:11Z,@Marsellaning,UCliFeJehNDAuMfIbKVvMxug,0,"Bang ungkap semua ending *""five heart under one roof""*ğŸ˜ŠğŸ˜ŠğŸ˜ŠğŸ˜Š",s9sIaeyPFXU
342,2024-11-23T14:36:54Z,@wwvle,UCuNB4m6xUbhlGKw3bOZAOAg,0,gua tertarik main gem vice ini bang,s9sIaeyPFXU
343,2024-11-23T14:35:10Z,@bocilkematyann,UCzfEwqhcFh6p83L7xeSmE4g,0,bang selamat ya mau 15 jt subs â¤â¤,s9sIaeyPFXU
344,2024-11-23T14:34:10Z,@bocilkematyann,UCzfEwqhcFh6p83L7xeSmE4g,2,35:28 sus bgttt,s9sIaeyPFXU
345,2024-11-23T14:27:59Z,@APRIYONCHANNEL,UCbC8ettp_OvnOnzIDh6guNw,0,Makasih 100 susbsribe nya orang baik â¤,s9sIaeyPFXU
346,2024-11-23T14:17:02Z,@Rayyanppk,UCnz75yGxTpyjZJW2qydAW0g,1,motel kapan woyyğŸ¤¬ğŸ¤¬,s9sIaeyPFXU
347,2024-11-23T14:14:13Z,@aldila1624,UCUNXPGoSEsZVzePdX_6k0zA,0,"Main Roblox bikin goblok
Nontonin brando makin goblok",s9sIaeyPFXU
348,2024-11-23T14:00:36Z,@mawdiyaa,UC3fGLoMfRT71NRmrO8jSK6w,0,cumi besar alaska ğŸ˜¨ğŸ˜¨ğŸ˜¨,s9sIaeyPFXU
349,2024-11-23T14:00:26Z,@Mash811-wu7vm,UCySm-WeKXwqjH6B0oktmMHA,0,Subscriber lu cepet bet naik,s9sIaeyPFXU
350,2024-11-23T13:59:44Z,@kakamj8671,UCpTEp3yZ7mb7U8vb9gWojTA,0,wkwkwk,s9sIaeyPFXU
351,2024-11-23T13:55:37Z,@LAVA_ACC,UCE7DNfnCWgwkMrxkd02feAQ,0,Bg gak pake ava hiu bgggggggggggg,s9sIaeyPFXU
352,2024-11-23T13:45:05Z,@Vicky9931,UCIq9sPcmRDeTEda-Wb0sDqQ,0,ğŸ˜‚ğŸ˜‚ 0:06 0:06,s9sIaeyPFXU
353,2024-11-23T13:38:08Z,@dwipoppy-nz3yu,UCDg8FhqzDXgoBE8GnP0JiwQ,0,pls jadiin series bang,s9sIaeyPFXU
354,2024-11-23T13:37:40Z,@herlinnnnn,UCaedqGSsNlG7qsBkuHpu0Qg,0,Bang aku sekarang jd ngefans sama bu D ono,s9sIaeyPFXU
355,2024-11-23T13:28:25Z,@ejdinar,UCANC9ewJe6LKt9dbx1GZYzQ,0,Nama panjang Raka adalah Gibran Rakabuming raka,s9sIaeyPFXU
356,2024-11-23T13:25:23Z,@muhammatrohmathidayat3143,UCjdiS9PWJMUqrDhpZdavkBQ,0,bikin buku tentang Raka bg,s9sIaeyPFXU
357,2024-11-23T13:23:49Z,@binzzzFy,UCo71Vk_LiXNKObKYY9fAn5w,1,Bang Fisch update bang,s9sIaeyPFXU
358,2024-11-23T13:22:45Z,@maskitket5779,UCZPibjXWDUBdagFOMVVqv2Q,0,Sekarang bapaknya raka mau paus,s9sIaeyPFXU
359,2024-11-23T13:14:01Z,@flouwer.ftriie,UCfi2GdmiA-vxNsDWSnYPbYQ,2,melanjutkan kisah raka,s9sIaeyPFXU
360,2024-11-23T13:03:36Z,@rabbidgaming47,UCNfqOmbmh9PO1g-IRomi0PQ,0,Orang gila mana yg narik kolosal squid pke rod bapuk,s9sIaeyPFXU
361,2024-11-23T13:02:10Z,@zomax9811,UCtXLFDDBtqzXXOte00Tsy0A,0,pls buatin animasi buat cerita budiono siregar,s9sIaeyPFXU
362,2024-11-23T13:01:35Z,@rahadianpaus,UCgKIrRjlQqOJ-BqezgCqWIg,0,"1:04:05 anjay,viewers bohong?sosis yang bohong",s9sIaeyPFXU
363,2024-11-23T12:49:47Z,@ahmadhaki2094,UClrBAnOiRk4bsDINESxnBiw,0,Blok fruits terlupakan,s9sIaeyPFXU
364,2024-11-23T12:46:50Z,@AlyaRifdhaniWafiyya,UCTkj7T2zvSrhuBVMQKe1MIQ,0,Bang main game mouthwashing lagi plissssğŸ˜¢,s9sIaeyPFXU
365,2024-11-23T12:32:44Z,@bonc666,UCtrVQzKd--xepNJjgw3s2RQ,0,udah yapping nya?,s9sIaeyPFXU
366,2024-11-23T12:31:41Z,@bulatgaming9896,UCGdMjGZJx1uwyo1C1SLPWHg,0,Bang coba main blood strike,s9sIaeyPFXU
367,2024-11-23T12:31:01Z,@Rbt12345,UCd7ke-RutgkPN6LlpZa7naQ,0,Ente yakin dia live?,s9sIaeyPFXU
368,2024-11-23T12:29:48Z,@Adzra-ily,UCaMBoTlL0fKu7g9uaaF1E8g,0,cumi jumboğŸ§ğŸ»â€â™€ï¸ğŸ¦‘,s9sIaeyPFXU
369,2024-11-23T12:28:27Z,@eviagustini6057,UCXwUXamPkazrt5obySFehvQ,0,Bang kok gak bisa di download vidio nyağŸ˜¢,s9sIaeyPFXU
370,2024-11-23T12:23:10Z,@vinozxx,UCZeqeuv-1ZeJWok9pE0ptHw,0,"bang dapetin ikan terbesar bang Nessie sama isodane,kalo dh dapat pigi ken the depths bg",s9sIaeyPFXU
371,2024-11-23T12:20:14Z,@chioo211,UClKZS-17FHq0ooC8dHCYyQw,0,bang ancient depth serpent jadiin ikan woyo woyo bang. ancient depth serpent susah didapetin dan dia harus di tempat the depths dan harus di malam yang paling gelap.,s9sIaeyPFXU
372,2024-11-23T12:17:00Z,@apdaall,UCbYB638baunGsMF8icG3HUg,0,jual ke seafod bakaran aja cumi nyağŸ—¿,s9sIaeyPFXU
373,2024-11-23T12:15:16Z,@Zidanethe-robloxian,UC8zc6F7k2e4840oY-Wk6pcQ,4,"rekomendasi ikan mythic dan tempat nya buat windah dapetin nanti di live selanjutnya yg masih lumayan gampang lah ada

captain goldfish di forsaken shores di atas tempat nya merchant dan lain lain kan ada tempat ke atas naek terus ada air terjun mancing disana pasti dapet sama manta ray ada di roslit bay bisa di mana aja",s9sIaeyPFXU
374,2024-11-23T12:10:54Z,@aqil68,UCRpgONBvDis72p_zqKM4G8w,0,"bang beli rod baru bang, di the depth",s9sIaeyPFXU
375,2024-11-23T12:06:47Z,@thinkboutnalala,UC6CygC6OfsFbwkEN2iCe9nQ,0,"gg bang, besok pecahkan teori mancing godzila",s9sIaeyPFXU
376,2024-11-23T12:05:45Z,@MuhammadRadhanAdoFirdaus,UCKM1P8Opm54xZ4hS-7fcW6Q,0,kok bukan hiu madura,s9sIaeyPFXU
377,2024-11-23T12:01:40Z,@Bocilbrando504,UCHaTjtcLE6djC8RsmyzKIWg,0,â¤,s9sIaeyPFXU
378,2024-11-23T11:56:29Z,@Bid-o4x,UCTLREmpbq68tCb4asacT3Fw,0,"FATIMAH
NAMANYA:ğŸ˜‡
PERANGAINYA:ğŸ˜ˆ",s9sIaeyPFXU
379,2024-11-23T11:55:51Z,@thesy4zzrl,UCBiH6at72iw3brzv9DiR37A,0,bang windah imup :D,s9sIaeyPFXU
380,2024-11-23T11:54:24Z,@Cyxzneptroid-Cyxz,UCh-02v0B7xdBg-XCGjRqlMA,0,ğŸ™‚ğŸ‘ğŸ‘ğŸ‘,s9sIaeyPFXU
381,2024-11-23T11:52:00Z,@Fennzy_,UCTU_Kfh3z5tt6y_Kud0uH2g,0,aku cinta raka,s9sIaeyPFXU
382,2024-11-23T11:51:46Z,@smile8138,UCgHuv-QGt8FnO6PnxT6DU4Q,0,Yg ngomong dapet cumi raksasa butuh aurora totem siapa njir,s9sIaeyPFXU
383,2024-11-23T11:50:43Z,@ali12918,UCBqBXjqn-z-28GjdPreVUMQ,2,26:50 gg bang,s9sIaeyPFXU
384,2024-11-23T11:50:06Z,@riptitul,UCPFM8YlZof0hmkqtWohBXwQ,0,banh alligator di mushgrove swamp harus ditangkap bng,s9sIaeyPFXU
385,2024-11-23T11:45:30Z,@usrok755,UCVj7mdqVTrFzLOZyt55oTMA,0,Haloo,s9sIaeyPFXU
386,2024-11-23T11:43:06Z,@ardiansyahpalembang9036,UCA3TOGZtKQCLHzI4Kp48E9w,0,Bg kamu gg,s9sIaeyPFXU
387,2024-11-23T11:40:54Z,@yiyelbeysayangpapabrando,UCvwP8LpmFa4jh4yekmVYUUQ,0,si raka kenapa gusy????,s9sIaeyPFXU
388,2024-11-23T11:39:04Z,@yogagenji7765,UCibqxZ3q_GjcVVp2e_k0SDg,0,Gk bisa didownload vidionyağŸ˜¢ğŸ˜¢ğŸ˜¢ğŸ˜¢ğŸ˜¢,s9sIaeyPFXU
389,2024-11-23T11:38:58Z,@elsaid2154,UCmx9qgsaXKEBAM8YwluxEPQ,0,Hi,s9sIaeyPFXU
390,2024-11-23T11:38:01Z,@CVPelitaBerkah,UCkQUGPgdbwTZxD7rBHv5Isg,0,Halo bang,s9sIaeyPFXU
391,2024-11-23T11:37:27Z,@Ai_Tempest,UCnXjD5xhxor4yYmqEDxxyYg,1,Bang main game until then dong plis,s9sIaeyPFXU
392,2024-11-23T11:36:24Z,@Hansx_,UCIaYaUJOym2C_U1PJwUKS5g,0,Agak kecewa karena full jalan jalan simulator kagak mancing mancing ğŸ˜®â€ğŸ’¨,s9sIaeyPFXU
393,2024-11-23T11:35:56Z,@yiyelbeysayangpapabrando,UCvwP8LpmFa4jh4yekmVYUUQ,0,WKWKWKW NIAT PAMER MALAH KENA ULTI BOCIL BOCIL PAMER ğŸ˜­ğŸ˜­ğŸ˜­,s9sIaeyPFXU
394,2024-11-23T11:31:34Z,@fathirali9280,UC6ECSJJUVSc4_ho5ZNPCsuQ,0,fice,s9sIaeyPFXU
395,2024-11-23T11:30:40Z,@Zero_Impact985,UCLy1fAWq1YL5Ezx56hlygIw,0,Bang coba main a universal time di roblox,s9sIaeyPFXU
396,2024-11-23T11:30:38Z,@Adamkwzx,UCocxQBFO_UrMvXlKh0nMhZg,0,Window,s9sIaeyPFXU
397,2024-11-23T11:29:25Z,@wibutyz5312,UCGeJoS-pS_vSi_pI30I5Ceg,0,Stardew valley kapanğŸ˜¢ğŸ˜¢,s9sIaeyPFXU
398,2024-11-23T11:28:55Z,@TyaLeolady-k8z,UCH3L6ldvPi6yPySPzbZqtSQ,0,GG Raka sang anak nelayan...,s9sIaeyPFXU
399,2024-11-23T11:27:09Z,@H4MZ24,UCKStsSQBPNVkpDFFKcapmRg,0,Bang kamu wajib cobain game mancing yg ada diplaystore namanya creature of the deep mirip sama game ini,s9sIaeyPFXU
400,2024-11-23T11:27:08Z,@mfazaakbar2129,UCraYaevxeYevnvL7zimSmVA,0,43:46,s9sIaeyPFXU
401,2024-11-23T11:24:49Z,@uhuy1786,UCijHc2UvGgnhQZWisltBmdg,0,Pantun kamu gak nyambung bang windah,s9sIaeyPFXU
402,2024-11-23T11:24:36Z,@shubya.,UCrK2PbDy7kG5NE8C8ADu86Q,1,big black what?? ğŸ˜®,s9sIaeyPFXU
403,2024-11-23T11:21:56Z,@fikriabi4491,UC432ONEXqWoXrUNUPkebbiQ,0,Cumi terbang,s9sIaeyPFXU
404,2024-11-23T11:21:35Z,@kontorudeska181,UCfZ8jB53HNzOTfX_fNXYQwA,0,Bang main dragon nest,s9sIaeyPFXU
405,2024-11-23T11:20:51Z,@Zzu679,UCIfXFThQ_HWJYrf85n11zLw,0,bang kapan main fc mobile lagi,s9sIaeyPFXU
406,2024-11-23T11:20:35Z,@Evan-ml9px,UCrOoUc3RseeP5vXeTcrIT9g,0,Bang windah request main game stalker 2 bang,s9sIaeyPFXU
407,2024-11-23T11:19:52Z,@DefitFitriani,UCgZlcH02ypGAtSxQP8T_DrQ,1,27:41 finnalyyyyyyyyy,s9sIaeyPFXU
408,2024-11-23T11:19:47Z,@ergaervin1571,UCfKwU_Whvciay0iL2xNhG0w,0,"""Fi ce""",s9sIaeyPFXU
409,2024-11-23T11:19:26Z,@encharmity,UCZJ0P87wi5tk_eY2b_hTXaw,0,BANG MUKAMU PUCET BANGET WAKTU MANCING CUMI RAKSASA,s9sIaeyPFXU
410,2024-11-23T11:19:14Z,@escagrc,UC8ohD-1olUdGPOdmnIQLV4Q,32,"itu rumah gua gais yg roboh yg dibilang bang windah diawal aokwowk, doain cpt beres y adick adick roblokğŸ˜",s9sIaeyPFXU
411,2024-11-23T11:18:00Z,@Starless293,UCHWaMMdb6MziuuimFIRjRBQ,0,"pergi ke danau memancing ikan
berjemur matahari menjadi hitam
hai bocil roblox yg tampan
jangan bermain roblox malam malam",s9sIaeyPFXU
412,2024-11-23T11:17:14Z,@MalikiRahman,UCOzYdk6p5_ZfI_2Hi8OBNJQ,0,0:20masa ğŸ˜¢,s9sIaeyPFXU
413,2024-11-23T11:16:08Z,@Lifooyy,UCQFtAIjrz_wKzVQf8IJngsQ,0,BG AK NONTONNYA SAMBIL MAKAN CUMI CUMI RAKSASA MASAK HYTAMğŸ˜‹ğŸ˜‹ğŸ˜‹,s9sIaeyPFXU
414,2024-11-23T11:14:16Z,@bayu7494,UCopv-TvDPq9C4tbHTmoJBBw,0,"Bang main di server jaya pura indahlah review senjata custom,ada skil skillnya",s9sIaeyPFXU
415,2024-11-23T11:13:51Z,@sasengbokut3297,UCW4WaBbztQTj_jeMFrla5QA,0,Fight school simulator nyaa mana bangg,s9sIaeyPFXU
416,2024-11-23T11:11:49Z,@iyas2574,UCuzsVW4k2Reop0I84Jd1TSA,0,kecewa saya sama Abang kok saya mau download video Abang kok gak bisa,s9sIaeyPFXU
417,2024-11-23T11:11:46Z,@ahmadanjaymabar3024,UC0BD_MlsZqc34LLWtMmVaVw,0,cumi cuminya besar kayak punya akuğŸ¤­,s9sIaeyPFXU
418,2024-11-23T11:11:35Z,@icikawa.,UCCvXRy6XEElX7h3exoPjqjw,0,pantun ny bagus bg sy suka sy suka,s9sIaeyPFXU
419,2024-11-23T11:11:28Z,@Ganz-r5z,UCzmymuJbVuC4Sf37K1HwXLA,0,kmprtt pdhl mntk lepas ak cumi itu ai dahh,s9sIaeyPFXU
420,2024-11-23T11:07:26Z,@stephanietaniady4865,UCJMLjxawn42qKl3tp-wytNA,0,Tempat baru namanya the depth bang windah disana Ada pancing baru namanya rod of the depth harga 750 ribu uang game bang windah,s9sIaeyPFXU
421,2024-11-23T11:05:24Z,@nadyanurulasri6045,UCjgx08dHZjh6wh3GhgkFaWA,0,"bang jadi lanjutin game alomani ga, aku nungguin ia bang",s9sIaeyPFXU
422,2024-11-23T11:05:13Z,@Zayruok,UCL6vq4yuClK-0eFzgpNFuFQ,0,Ng kapan main gem blox fruit,s9sIaeyPFXU
423,2024-11-23T11:04:30Z,@Razor1-k9h,UCBLHdNd2WoKT4FxTjfNFqIA,0,"Bang coba main game ash echoes bang, game RPG yang bagus ğŸ™",s9sIaeyPFXU
424,2024-11-23T11:03:59Z,@aryaardiansyah6902,UCn3AEfx6tDhWXa4MMQgX7tg,0,Itu yang pusar warna putih itu kalo pancing di situ bisa dapet ikan besar bang,s9sIaeyPFXU
425,2024-11-23T11:02:37Z,@MRafliAdriansyah9981,UCGMK_jW7cmuWXoeNK_n2JRA,0,"Aku bkan bocah roblox 
Tapi aku cuma nonton doang",s9sIaeyPFXU
426,2024-11-23T10:54:26Z,@sopiannata6899,UC4XDS5omPXNjHr-x2t2SbQg,1,cari leviatan bang,s9sIaeyPFXU
427,2024-11-23T10:53:51Z,@Jastin_24673,UC6gcywEmosyy_ffjGO_dxjg,1,36:06 puncak komedi wkwkwğŸ˜‚ğŸ—¿,s9sIaeyPFXU
428,2024-11-23T10:51:08Z,@dyanajova7363,UCy5BbgHhyIhW3piBoSresMw,0,paling posibble ikan serpent bawah laut desolate deep,s9sIaeyPFXU
429,2024-11-23T10:50:55Z,@TyamaharaniPermata,UCWzbIFUb4KOpng73IyHX1dA,1,apasi bang pantun nya ga gitu,s9sIaeyPFXU
430,2024-11-23T10:50:20Z,@EnterCraft_,UC6lv5lNSASzFlve8pHoEBWg,2,Diteluk rosylit ada ikan pari sama gurita gemoy bang,s9sIaeyPFXU
431,2024-11-23T10:49:54Z,@dyanajova7363,UCy5BbgHhyIhW3piBoSresMw,2,yang susah ikan cumi snowcap ikan spectral serpent di desolate deep ikan paus event sama jellyfish di desolate deep juga,s9sIaeyPFXU
432,2024-11-23T10:49:45Z,@EsaMahesa-ut8zo,UC7F14bBbYktDFm-s7TWQqXA,0,mencet apa itu bang biar ga harus nge klik pas di kocok,s9sIaeyPFXU
433,2024-11-23T10:49:26Z,@FebriantoniAntoni,UCXuHSYMzuV9Rrm4d0b6pKkw,0,Udah selesai ya live nyağŸ˜­,s9sIaeyPFXU
434,2024-11-23T10:49:10Z,@GazLee297,UCLe3X0-rTeCjEvlvqUjrhvA,0,mana avatar ikan kematian mu bang,s9sIaeyPFXU
435,2024-11-23T10:48:12Z,@SupriyonoSupriyono-xz3mf,UCMl7aEs3Zw8MdDMXVdethcg,0,Batu,s9sIaeyPFXU
436,2024-11-23T10:47:52Z,@Janzzs27,UCH0dKBuVZsdIMvgQUgGgdsA,0,Maen game pixel lgi bangğŸ¥°ğŸ™,s9sIaeyPFXU
437,2024-11-23T10:46:22Z,@Lysaa-luvv,UC4zj4AgZosuR6jX-HDV5BjQ,0,Berarti lu gobloxs juga dong bang,s9sIaeyPFXU
438,2024-11-23T10:46:06Z,@SupriyonoSupriyono-xz3mf,UCMl7aEs3Zw8MdDMXVdethcg,0,Itu,s9sIaeyPFXU
439,2024-11-23T10:45:38Z,@novaljonaz5111,UC59qDluYIpLn0AYkphUilkg,0,ambalodon itu nyata bangggg,s9sIaeyPFXU
440,2024-11-23T10:44:53Z,@SupriyonoSupriyono-xz3mf,UCMl7aEs3Zw8MdDMXVdethcg,0,Minta dong Winda,s9sIaeyPFXU
441,2024-11-23T10:44:32Z,@SupriyonoSupriyono-xz3mf,UCMl7aEs3Zw8MdDMXVdethcg,0,Mita,s9sIaeyPFXU
442,2024-11-23T10:43:40Z,@alifiaput,UCh7jTSTzJQ4Kqz5PvidDLwg,1,"bg main dress to impress lagi ada update, btw aku cewek bang",s9sIaeyPFXU
443,2024-11-23T10:43:19Z,@SupriyonoSupriyono-xz3mf,UCMl7aEs3Zw8MdDMXVdethcg,1,ItuğŸ˜Š,s9sIaeyPFXU
444,2024-11-23T10:43:04Z,@SupriyonoSupriyono-xz3mf,UCMl7aEs3Zw8MdDMXVdethcg,0,Game aku,s9sIaeyPFXU
445,2024-11-23T10:42:17Z,@SupriyonoSupriyono-xz3mf,UCMl7aEs3Zw8MdDMXVdethcg,0,Game apa,s9sIaeyPFXU
446,2024-11-23T10:41:26Z,@ArjunArjuna-qe6fd,UCloUncuIJV7eRG5S_UrSqPg,0,BG MAIN GAME STALKER2 CHERNOBYL,s9sIaeyPFXU
447,2024-11-23T10:41:17Z,@BlueXel.,UCXwzzr7-_4TSI1u7lY9lGTA,1,"""Raka bangga dengan penangkapan mitos Cumi raksasa, walau ikan woyo woyo belum terungkap, Raka sudah mendekati tahap mengungkapi ikan woyo woyo..""",s9sIaeyPFXU
448,2024-11-23T10:40:34Z,@ã‚­ãƒ©ãƒ‹,UC1gF082GVIzTD-rzvU7LDfA,0,grind xp di forsaken shores (pond) untuk xp,s9sIaeyPFXU
449,2024-11-23T10:40:08Z,@ReyzuLevionz,UCRW-B3w6m9w4FC3Vmsp52Xg,0,berburu godzilla bang di the depths,s9sIaeyPFXU
450,2024-11-23T10:38:39Z,@FatihPonsel-d2n,UCPfAThIwcf8n7-QMMJs6_EA,0,seru bg,s9sIaeyPFXU
451,2024-11-23T10:38:27Z,@Sella_rorr,UCYM9iK-e4HDruOkxfEVTcUQ,0,"Hi bang maaf gak ajak live ğŸ˜…
                                                 ğŸ™ğŸ»",s9sIaeyPFXU
452,2024-11-23T10:38:11Z,@Sella_rorr,UCYM9iK-e4HDruOkxfEVTcUQ,0,"Hi bang maaf gak ajak live ğŸ˜…
                                                 ğŸ™ğŸ»",s9sIaeyPFXU
453,2024-11-23T10:37:36Z,@ardan4656,UCrMufvmYYZRQWvLtUirdVSQ,0,"bg coba main fishing planet,itu ada disteam dan gratis,menurutku lumyn seru dan grinding bgt",s9sIaeyPFXU
454,2024-11-23T10:37:15Z,@ijai269,UC1EuKpBLURevtjguThhBvbQ,0,35:28 Epik Moment,s9sIaeyPFXU
455,2024-11-23T10:34:38Z,@yunshuchin9942,UCTTE-3Dm3iOgMdX9EeOJe8Q,0,Kapan pvz lagi bang,s9sIaeyPFXU
456,2024-11-23T10:33:49Z,@Khai_Grz,UCAfqnwcedycC1F1Sb__p-xg,0,raka the movie,s9sIaeyPFXU
457,2024-11-23T10:33:46Z,@Genzoage28,UCVrweSvou4UVBPpfDMnVCFQ,1,Main Game soul land bang,s9sIaeyPFXU
458,2024-11-23T10:33:19Z,@Zicoo-n1r,UClvOu6zb2fe1hgTWAwhYu_A,0,"1:05:15 gw kemarin juga dapet bbc 
Bg",s9sIaeyPFXU
459,2024-11-23T10:32:15Z,@SunardiSunardi-b4o,UC006ddYUIi75AEDToE1eINg,2,baru kemaren bilang BG kapan lanjut fisch eh yeyy di lanjutğŸ˜‚,s9sIaeyPFXU
460,2024-11-23T10:31:59Z,@mencsixx_,UCXBiHrS_z0idEl8o5h3wIyQ,1,GG raka bang,s9sIaeyPFXU
461,2024-11-23T10:30:52Z,@gogogogamers4085,UCE8unZjMSxI2Z6vijTJVZUQ,0,KAPANNN FC MOBILE BANGG ASTAGAA,s9sIaeyPFXU
462,2024-11-23T10:30:33Z,@nazwaayu15,UCjN_k_ALCpNWQ_MnPOS2bEQ,0,Cie mau 15 JT subğŸ˜‹,s9sIaeyPFXU
463,2024-11-23T10:29:35Z,@dikadwipermana,UCFvCZfvnMea7THDAMIuQndw,0,lengkapin semuaa scene bang di game five hearts under one rooff,s9sIaeyPFXU
464,2024-11-23T10:28:35Z,@marchianomandagi2754,UCNpuE2aLwMzVTY7uCMvIOCQ,0,raka pay to win aowkoakwdkaowd,s9sIaeyPFXU
465,2024-11-23T10:28:20Z,@Guwehdahmuak,UCMbGmlpXoXR3kaYi1mwvl0A,0,"Kamu melupakan legenda Sukma Dika, satu satu nya eksistensi yang mampu melawan tarikan jor dari seorang Budiono Siregar",s9sIaeyPFXU
466,2024-11-23T10:27:28Z,@revan4296,UCPLXs5TNDdED1QZ9IkX3wuA,0,bang kamu pengocok handal,s9sIaeyPFXU
467,2024-11-23T10:26:33Z,@Faviann435,UCR-6KDn3KozYP81WUPyHoxg,0,"Kata kata keramat ""hahaha punya gk""ğŸ˜‚",s9sIaeyPFXU
468,2024-11-23T10:25:15Z,@Dudulleg,UCQLf-5zPhQx4XBdh7e8rvNg,0,Bg gw bisa kasih lu duit 250k Dan enchant relic 5 tar gw bantuin lu dapetin trident rod,s9sIaeyPFXU
469,2024-11-23T10:23:46Z,@ProLiner-lq2gx,UCpjE-aJKqSsBl_CTI3n1_ZQ,0,bang jangan pakai baju item ga kelihatan,s9sIaeyPFXU
470,2024-11-23T10:23:30Z,@MuhamaddwiFaqih,UC0BgGbewS_jkysDZ5aGxL-A,0,kamu GG bang,s9sIaeyPFXU
471,2024-11-23T10:22:02Z,@IShowDestro,UCxAEMv2YGQOxCWTiRU5gW3Q,0,aku pernah pas mancing terus di tarik kraken. kraken nya skrg jadi khodam aku,s9sIaeyPFXU
472,2024-11-23T10:21:39Z,@CidKagenou-y7l,UCCu3TH-RB8tpC56NMlMSeMw,0,Eun-biğŸ¤¤,s9sIaeyPFXU
473,2024-11-23T10:20:01Z,@Gezzy24,UCmv4giaE4cdiENWRTLHEZAw,1,Bang coba main creatures of the deep,s9sIaeyPFXU
474,2024-11-23T10:19:33Z,@bimpreset0,UCIGCH9O0OC0jhb4OoWOJ_gA,1,bang coba main game agung Arip yg terbaru  dong,s9sIaeyPFXU
475,2024-11-23T10:19:21Z,@hasanasykari9530,UCUso5gAChRCnq5LZpBogvWg,0,KAPAL LAWD,s9sIaeyPFXU
476,2024-11-23T10:19:21Z,@mewwtenankoso,UCj3HRDKXZzrETCeF-BSkDSw,0,gg bangğŸ‰,s9sIaeyPFXU
477,2024-11-23T10:18:59Z,@Rakha_irsyaad_Zaidan,UC8WW0lYGYUCz9f05_rOMEtw,3,"Bg pecahkan misteri nessy,dan hiu Godzilla ğŸ”¥",s9sIaeyPFXU
478,2024-11-23T10:18:54Z,@RANIAAAAAAWS,UCheuD2UaUYnVWyaaTApl19g,0,"AKU TELAT BANGGGGGGGGG, BARU PULANGGGGGGGGGGGGGG",s9sIaeyPFXU
479,2024-11-23T10:17:58Z,@VUL.COM.free.,UC88tXJQQI5Yl-PsMuXErgBw,0,Bang kumbek coc bg,s9sIaeyPFXU
480,2024-11-23T10:17:26Z,@KEVINDANIELLSTEEL,UC57f8Jq6G1AZb1zkbyfF31A,0,Bang coba mainbang coba main satalker 2 seru game nya dari miawaug,s9sIaeyPFXU
481,2024-11-23T10:16:10Z,@herdihermawan3414,UCeuzF2vSOEZO67o6Huc3Hlw,0,hlo,s9sIaeyPFXU
482,2024-11-23T10:15:37Z,@Frigidus1,UCpeKKIQpRosajXX3YAhAAjg,39,33:29  ada bang serius lu harus ke pusaran aneh abis tu ke paling bawah buat mancing kunci raksasa warna merah nah abis tu lu harus buka pintu gede pake kunci gede yang tadi nah abis tu jalan aja nah Lu di situ mancing aja bisa dapet lele jumbo atau gak Godzilla,s9sIaeyPFXU
483,2024-11-23T10:14:19Z,@ramacidep4747,UCT_HgeWbwyxY_-ghya7Xgiw,0,Memancing perkoro,s9sIaeyPFXU
484,2024-11-23T10:14:06Z,@rafliJack-l6u,UCU_je3dlF8pJDQmVgR1cb8A,0,game jelek ini bang windah,s9sIaeyPFXU
485,2024-11-23T10:14:04Z,@ade_eel,UCN4vaMElba2tbXrsh3eMC6Q,0,"windah kata kata ğŸ¥°ğŸ¥°ğŸ˜˜ğŸ’…
windah morivasiğŸ˜ˆğŸ˜ˆğŸ’€â˜ ï¸",s9sIaeyPFXU
486,2024-11-23T10:13:52Z,@hub8930,UCeo9leNntkqHFcfmoBlkkgw,0,00:00 epilx,s9sIaeyPFXU
487,2024-11-23T10:12:59Z,@idauu,UCLEHzcN-1fpB6EUuSTe7v8g,71,29:31 wih gg bg dapat peta,s9sIaeyPFXU
488,2024-11-23T10:12:57Z,@masmusee,UCq3vWptxXnCObjpi7wjzGgA,0,"Raka suka memancing, Memainkan alat kencing ğŸ˜‹",s9sIaeyPFXU
489,2024-11-23T10:11:16Z,@saviqo4466,UCVMQnDHLv0o5nboCQ-20DMQ,0,semoga bang windah selalu sehat aamiin ğŸ˜»,s9sIaeyPFXU
490,2024-11-23T10:09:33Z,@FauziahZein-p5o,UC8YKtv2utEfbB9PShUeYBqw,0,Bang Abang mau ga terima add ku bang nama:Rip_aska bang terima yang bangğŸ™,s9sIaeyPFXU
491,2024-11-23T10:09:20Z,@Leleodesu1,UCzE1i3bmF7-OwQS4f2NQKvA,0,aku tantang kmu pasti gk bisa dapetin naga air kuno eksotik di kedalaman ğŸ¤­ğŸ¤­ğŸ˜®â€ğŸ’¨ğŸ˜Œ,s9sIaeyPFXU
492,2024-11-23T10:07:32Z,@Amonalikipasangin,UCji5z6lg6BmXMUiVRuUmWlA,0,"KERJA BAGUS BANG, YANG SEMANGAT BANG WINDHAA, JANGAN SERING MAEN ROBLOX NANTI GOBLOXXXğŸ˜",s9sIaeyPFXU
493,2024-11-23T10:07:00Z,@MuhammadAkbar-rr1pu,UC_fl0J5l9_mZAh30UGjUKVg,0,"Bentar lagi 15jt bng, gak sabar sawer streamer lagiğŸ˜‚",s9sIaeyPFXU
494,2024-11-23T10:06:46Z,@zall_28,UC5yqguYEWjUiuZA_Gb2wc8w,1,Bang kamu ganteng banget kayak Joseph stallin,s9sIaeyPFXU
495,2024-11-23T10:06:36Z,@marreeell,UCCjoZCNXgmzaMaJInWfnp_g,0,Bang knpa vidio main roblox fisch gk bisa di downloadğŸ˜¡ğŸ˜¢,s9sIaeyPFXU
496,2024-11-23T10:05:41Z,@Random077,UCF3ptHGMpNptY1TKUPRJAEA,0,Hahahaha dapet otong raksasa,s9sIaeyPFXU
497,2024-11-23T10:05:20Z,@CathleenRuby,UC5b4p_Nt4nIF9RPoPtSTwzw,1,26:52 EPIK MOMENT BGT BGT GWE SMP NANGIS SEKEBON,s9sIaeyPFXU
498,2024-11-23T10:04:44Z,@REYNZ-ic3yv,UCEnExB4cRLyeMksBGjFTITw,0,Bang bang windah pin dong plisğŸ˜¢,s9sIaeyPFXU
499,2024-11-23T10:03:43Z,@dimasputra2081,UCGseHCcgFkRnC5B1FklgMKA,1,bg upgrade ikan nya biar makin besar,s9sIaeyPFXU
500,2024-11-23T10:03:41Z,@imnotgamersakmfd2213,UC_LjMkzIF7Ntd42_64i-MTw,1,Bang kapan react Skibidi toilet ğŸš½ğŸª  lagi,s9sIaeyPFXU
501,2024-11-23T10:03:34Z,@payohh232,UCOGiQObK_bbrpzr72MOoG0Q,1,Ikan ambaus mana bg itu katanya salah satu ikan legendaris,s9sIaeyPFXU
502,2024-11-23T10:02:58Z,@Tinyy457,UCeU3tKRlm-hpzEeCV98Dmsg,0,bang coba jadi nelayan di real life,s9sIaeyPFXU
503,2024-11-23T10:02:31Z,@EllianaAlice,UCPDrFNlJPmgZXjnP3_bwfKQ,0,"Main game aku si juragan kostan bangg,seserver sama aku si peternak lele",s9sIaeyPFXU
504,2024-11-23T10:01:52Z,@Ayaskocak.99,UCMi5XfXpVoqi0jD5rwf2dcg,0,Pantun abcd berulah lagi,s9sIaeyPFXU
505,2024-11-23T10:01:08Z,@torukun9549,UCCYh1XIJle3V6bWdigaTo_g,1,YAELAH TELAT BARU AJA AMBIL MAKAN LIAT YOUTUBE KM UDAH SELESAI LIVE ğŸ˜¡ğŸ˜¡ğŸ˜¡,s9sIaeyPFXU
506,2024-11-23T10:00:59Z,@LUTFiGAM1NG,UCusy3oQESO6pcniqXaZ4lpw,0,15 juta subs bentar lagii,s9sIaeyPFXU
507,2024-11-23T10:00:50Z,@LUTFiGAM1NG,UCusy3oQESO6pcniqXaZ4lpw,0,15 juta subs bentar lagii,s9sIaeyPFXU
508,2024-11-23T10:00:37Z,@1-Some-1,UC5dNM0AImU_E1PtcChKVSJA,0,100 rb lebih ğŸ’€,s9sIaeyPFXU
509,2024-11-23T10:00:17Z,@amoniluspembaik,UCcN07c5y9YKk_bzDqF1hpow,1,26:53 gg sekali coba,s9sIaeyPFXU
510,2024-11-23T09:59:41Z,@Farid-o7b,UCP6c_S4QqnzLLNooq0qPIpg,0,terlambat ga bang,s9sIaeyPFXU
511,2024-11-23T09:58:58Z,@WinClipp,UCnWwat5OCUaxzqu2zx-nm3w,0,cumi cumi segede kanjut badak,s9sIaeyPFXU
512,2024-11-23T09:58:19Z,@muh.haikal8306,UCJ8Waz96hYWQMlDpueL5BZA,0,BANG VIDIO NYA GAK BISA DI DOWNLOAD!!!!!!!!!!!!!,s9sIaeyPFXU
513,2024-11-23T09:58:03Z,@abisyarzakyabisyarzaky638,UC9AseW1O2L6aHlNUE9keqCQ,0,OmgğŸ˜®,s9sIaeyPFXU
514,2024-11-23T09:57:57Z,@ZCHIL,UC1YzvWIF4zeUtrYstYLXeNA,0,bang kenapa videonya ga bisa di donlodğŸ˜¢,s9sIaeyPFXU
515,2024-11-23T09:57:36Z,@muh.haikal8306,UCJ8Waz96hYWQMlDpueL5BZA,0,BANG VIDIO NYA GAK BISA DI DOWNLOAD!!!!!!!!!!!!!!!!!!,s9sIaeyPFXU
516,2024-11-23T09:57:30Z,@adhangood840,UCLoDb9a49XfpLe1WQQDERvw,0,kemana hiu madura,s9sIaeyPFXU
517,2024-11-23T09:57:02Z,@terserah9541,UCpptTdUnPTgVPDQCwv1a5xQ,0,"Hei adikÂ², jangan sering-sering main roblox
Nanti kamu jadi GOBLOK aowkawok",s9sIaeyPFXU
518,2024-11-23T09:56:38Z,@wayanandysetiawan4169,UCZ4Vgtz4B7vE7nsc63bpFlQ,5,KOK KAMU TEGA LIVE GAK BILANGÂ² BANGğŸ˜­,s9sIaeyPFXU
519,2024-11-23T09:55:54Z,@MaryaAdhimarsha,UCahH-V6Z5Mh2m7VcwsyRSQg,0,Main aku si juragan kosan bg,s9sIaeyPFXU
520,2024-11-23T09:55:46Z,@IRISHTASSYAHABDULLAHMoe,UC_O6RdvQsQd6JtHd3HteExA,0,bg gw kngen lu main kungfu simulator lagi,s9sIaeyPFXU
521,2024-11-23T09:55:41Z,@fatymzh,UCeHyh2SBMxn95JLHjh9byIw,0,KAMU GG BGG,s9sIaeyPFXU
522,2024-11-23T09:54:41Z,@JobkuAi,UCVkAnCIsfioVVwjrAZpcIeQ,0,Bleh Bleh Bleh,s9sIaeyPFXU
523,2024-11-23T09:54:38Z,@Siapasangka-c6j,UC9Jysw3SEP4dVkPElCUPAsQ,2,Sosis bukan sembarang sosis ni kawan kawan.,s9sIaeyPFXU
524,2024-11-23T09:54:32Z,@Duasatutigaempatlima,UC7DslaObSza6UGZpvpPg0mg,0,akhirnya setelah lamanya main jugaa,s9sIaeyPFXU
525,2024-11-23T09:54:20Z,@ulisdonat3665,UCOEEY68e3MuMOidgibomF4Q,0,Stelkers 2bang plisssğŸ˜Š,s9sIaeyPFXU
526,2024-11-23T09:54:10Z,@indosakai872,UCLL_p13VdA_a9REAk4KEPeQ,134,35:54 mau pamer ehh malah kena mentalğŸ˜‚,s9sIaeyPFXU
527,2024-11-23T09:53:12Z,@gresarchive,UCdjf6DLkuM1M3PuuiPRaBsA,0,BANG KOK GAADA NOTIF,s9sIaeyPFXU
528,2024-11-23T09:53:02Z,@gresarchive,UCdjf6DLkuM1M3PuuiPRaBsA,0,LAHHH,s9sIaeyPFXU
529,2024-11-23T09:52:44Z,@Abdullah123the,UC4qZszSzlTCJUsIWz1ISNYg,2,"Bang windah kapan ending mall-sook di pecahkan ğŸ˜¢
Dan ending seungyi penasaran kayanya sedihğŸ˜¢",s9sIaeyPFXU
530,2024-11-23T09:52:32Z,@divanyashafiyyah642,UCaDHwcWy2kQywchBKDVOhww,0,bang aku suka banget nonton bang windah main roblox,s9sIaeyPFXU
531,2024-11-23T09:51:49Z,@its_naura4424,UCYwgV7WpLwYMRTroTCJycpQ,0,Naik kapal simulator,s9sIaeyPFXU
532,2024-11-23T09:51:45Z,@akungabut-d2w,UCoI_pwDg25rYmQVBF3OUlwg,0,lanjutkan perguruan simulator bang,s9sIaeyPFXU
533,2024-11-23T09:51:30Z,@Bocilmurkaaaa,UC4OSBviirsrC4Qh6n7w1PPw,0,BANG KATANYA ADA MISTERI MEGALODON,s9sIaeyPFXU
534,2024-11-23T09:51:29Z,@MRafiAl,UCjVXPz9I_wVUP9NepnQk36w,0,Kapan perjalanan hiu Madura berlanjut bang?,s9sIaeyPFXU
535,2024-11-23T09:50:22Z,@oceaest,UCnIhLCVGIeH4jVUOVDn3GDA,1,ANJAAYYY BANG WINDAAHH,s9sIaeyPFXU
536,2024-11-23T09:49:53Z,@puputt286,UCjZPnNaQOFXIMHzlAdDHsmg,1,bang aku mau nasi goreng cumi hitam pak kris,s9sIaeyPFXU
537,2024-11-23T09:49:39Z,@ajengbisajj,UCc4H9smwny4_N0kTH9j-iPw,1,bang lanjutin main game kucing bang,s9sIaeyPFXU
538,2024-11-23T09:49:16Z,@EndahMulyadi,UCQH9Poq6_xy2d4ZHgCS59lg,1,"bang beli Basic Diving Gear buat nyari harta Karun , pergi ke island forsaken shores buat memperbaiki map nya , nanti bg windah ngomong ke npc jack marrow terus pegang map habis tu beli 200Coin",s9sIaeyPFXU
539,2024-11-23T09:49:00Z,@EdwardLeoo,UC2MDQ8BO-k7qkgJLwMHDOVg,0,35:28 sus,s9sIaeyPFXU
540,2024-11-23T09:47:34Z,@bellaaa140,UCBi3FXNV0PURy-38hi5nZag,2,0:16 ingat ya adik adik,s9sIaeyPFXU
541,2024-11-23T09:47:21Z,@muhamadferdianerlangga5804,UCCn9urFouOP64OrjiBKFWAA,0,Pantun gak nyambung ğŸ—¿,s9sIaeyPFXU
542,2024-11-23T09:46:59Z,@sazu4739,UCSVsrtZv9J-n7r-9dONVHvw,0,bang ular orochimaru ada yang baru bang plis mainin bang kangen backroom bang,s9sIaeyPFXU
543,2024-11-23T09:46:52Z,@RanKanaeru,UC5MS511ucxmlFPyBoPENuLg,0,gg pantun sekali pake jir,s9sIaeyPFXU
544,2024-11-23T09:46:48Z,@PRO.HUNTER.Countryballs,UCY3TWt39hL_aaYihFsqp1Yg,0,Telat bg,s9sIaeyPFXU
545,2024-11-23T09:46:35Z,@PiEx-l3k,UC2gk2bn7usK2G-TZZd62aZQ,0,Budiono siregar bangga sama kamu bangğŸ‘ğŸ¿ğŸ‘ğŸ¿,s9sIaeyPFXU
546,2024-11-23T09:46:18Z,@izrexxzy,UCH_2ydxmpEKcrWDR48LG88w,3,11:45 di pojok bawah mommy Gran ğŸ¤¤,s9sIaeyPFXU
547,2024-11-23T09:45:00Z,@candrahadipratama5537,UCWA8ZI5yWXEb4sh2BzuObiA,0,1:05:18 big black what ğŸ¤¨ğŸ¤¨ğŸ¤¨ğŸ¤¨,s9sIaeyPFXU
548,2024-11-23T09:43:56Z,@chusnulchotimah5235,UCeKUDXFAqujx7HPe3nl4u5Q,0,Mana ada segedse itu KOCAKKK EDITAN,s9sIaeyPFXU
549,2024-11-23T09:43:10Z,@tatabangsat,UCKOYSCA0m5-AJ4CkkBCsc6A,0,"ikan woyo woyo sudah ada sejak zaman napoleon bonapantek yang dimana napoleon sudah menjelajahi samudra pasifik hingga atlantik untuk menaklukkan sang puncak rantai makanan tersebut,namun sayangnya napoleon meninggal sebelum ia bisa menaklukkan sang woyo woyo,apakah raka bisa menaklukkan ikan legenda tersebut???",s9sIaeyPFXU
550,2024-11-23T09:42:49Z,@arumsep,UCBxJ93T9yfBOGUKoi6gPyaw,0,"bang, kok aku suka gaada notif ya kalau abang windah lagi live, padahal udah nyalain notifnyağŸ˜¢",s9sIaeyPFXU
551,2024-11-23T09:42:35Z,@NATAGZ-x5h,UCBdG5_XoUWc2YyB6EgCI6sA,1,Gercep mananih ğŸ˜ŠğŸ˜ŠğŸ˜Š,s9sIaeyPFXU
552,2024-11-23T09:42:18Z,@naufalryandhi,UCe097SzyWpL_NgtOWfgCy5w,0,ayah rakha namanya andi bang,s9sIaeyPFXU
553,2024-11-23T09:41:35Z,@Faizzzzzzzz_,UC2HLhBUeJVuDcakfiDyWFAA,0,35:28 ğŸ¤¨,s9sIaeyPFXU
554,2024-11-23T09:41:20Z,@xdequcct,UClum7fY31euI0rkSOoq7HhQ,0,SERIES 3 DONG BANG,s9sIaeyPFXU
555,2024-11-23T09:41:12Z,@dajall-p5aga,UCfpIYOLDXcNhGEPieT6XA4w,0,Bang kok live mendadak bang,s9sIaeyPFXU
556,2024-11-23T09:41:12Z,@johanrarung,UCfxgV1YZxjL0wnE9rmD0fYA,0,"BANGG, AKU CINTA KMUUU....",s9sIaeyPFXU
557,2024-11-23T09:40:33Z,@CathleenRuby,UC5b4p_Nt4nIF9RPoPtSTwzw,1,kesewa live chat nya hilangğŸ˜¢ğŸ˜¢,s9sIaeyPFXU
558,2024-11-23T09:40:25Z,@abileu,UCpj76ah6xIpBupCjSRTtJsw,2,Gg banget bang pake steady udah bisa dapet colosal squid,s9sIaeyPFXU
559,2024-11-23T09:40:20Z,@ArkaGendut-mk7bm,UCWHsK0wdg6A4QF7TzThEeFg,0,Maaf bang telat,s9sIaeyPFXU
560,2024-11-23T09:39:42Z,@Ivyannavelestaj,UCTfxUgMJZe3YqEhtF9GYJfQ,0,yahh aku telatğŸ‘ï¸ğŸ‘„ğŸ‘ï¸,s9sIaeyPFXU
561,2024-11-23T09:39:29Z,@maissysheila3373,UCJRWpKRJ7HkD5nle3v4G4Qg,0,"cemen km bang,aku udah dapet cumi merah peliharaan dewa neptunus ğŸ˜",s9sIaeyPFXU
562,2024-11-23T09:39:02Z,@gaktaumaukasihnamaapa8046,UCCisitSStCcPTmuIEjfM90w,0,Bang kapan main game gold and glory lagi?,s9sIaeyPFXU
563,2024-11-23T09:38:59Z,@AbdulQodir-sz6xi,UC5C-1BlhcflgMVrQ82gXppA,1,Epic momen,s9sIaeyPFXU
564,2024-11-23T09:38:41Z,@nazrindarwidy2567,UC4pgoDMnzfCX09_kfKJwkCQ,0,main pvz fusion lagi bangğŸ”¥ğŸ”¥ğŸ”¥,s9sIaeyPFXU
565,2024-11-23T09:38:40Z,@Almondna,UCAxNAT0xGD-Z3g0xU7KPB5A,0,Fine,s9sIaeyPFXU
566,2024-11-23T09:37:20Z,@RezaRajagukguk-s9d,UCLb2GMUFTT5cDf2O0ncZBmw,0,"Gitu sekarang bang, saya ketinggalan bang ğŸ˜¢",s9sIaeyPFXU
567,2024-11-23T09:37:17Z,@irenesimamora-yeremiaprian2184,UCHfK__Jd43aziiVncRd0bzw,0,Pantun nya gk nyambung bng,s9sIaeyPFXU
568,2024-11-23T09:36:59Z,@dheniabdillah2899,UC2xj9YOGDz1JMtXay66RyEQ,0,"Bng, keju terbuat dri susu",s9sIaeyPFXU
569,2024-11-23T09:36:52Z,@AhmadFazreen,UCmKvkUC8zDurak-zN9A4uKw,0,Maaf telat1jam bangğŸ˜¢,s9sIaeyPFXU
570,2024-11-23T09:36:52Z,@Nindya_01,UCcy1L26S0KZ1LVJlOYXaZHQ,0,well bang,s9sIaeyPFXU
571,2024-11-23T09:36:52Z,@faktaacilucil,UCtfdoT47w46yWmK4P9IStag,1,GA ADAAA LIVEEE CHATT AKU GA BISAA LIAT KOMEN BOCIL BOCIL KEMATIANNğŸ˜¤ğŸ˜¤ğŸ˜¡ğŸ˜¡,s9sIaeyPFXU
572,2024-11-23T09:36:50Z,@EnokWarnasih-c1h,UCoo4eTLEzgcOIyD6oWQXeiA,9,26:50 epickk momen bang haha,s9sIaeyPFXU
573,2024-11-23T09:36:49Z,@atilawildan,UCnLmAG5_u06PevHE04p-8iA,0,Nanti live GK bg,s9sIaeyPFXU
574,2024-11-23T09:36:27Z,@Gilang_18jr,UCO8GZrbqGF9y6sMBiNNfO6A,0,mantap bang,s9sIaeyPFXU
575,2024-11-23T09:36:13Z,@osvaldorifki3002,UCSXmcX_6LYayzL4voWjekXQ,0,fice,s9sIaeyPFXU
576,2024-11-23T09:35:58Z,@salmanabrory4086,UCslGkHGd3DPNJY5UacEgwSg,1,Bang kain pvz lah gw tungguin juga ğŸ˜¢,s9sIaeyPFXU
577,2024-11-23T09:35:15Z,@Minzpablo,UCO3jNduaitsjy4bx_67tZpg,0,Windah skrg suka gorengÂ² agak sombong,s9sIaeyPFXU
578,2024-11-23T09:35:11Z,@zaidurraihan,UCf-DdKHqfKqdv-yGpNxk-Fg,0,mntep dapet sotong,s9sIaeyPFXU
579,2024-11-23T09:34:55Z,@hazraa,UCOTbQYhPDtGhXt0Nri8m66A,25,"70% cinema 
20% jalan jalan simulator
5% mancing colosal squid
5% iklan

rating :
â­â­â­â­ (el undur)",s9sIaeyPFXU
580,2024-11-23T09:34:43Z,@randiramadhan6583,UCcJF67LjHckFiJuj5gEdzSQ,0,APA ITU BANG RAME RAME,s9sIaeyPFXU
581,2024-11-23T09:34:41Z,@fhmixxz,UC34nSps1P363ycKsumuXyfg,0,Gerakan tambahan,s9sIaeyPFXU
582,2024-11-23T09:34:39Z,@Akumarvell_,UCqGleLmL3aJTN9VPLH165_w,0,kenapa tidak bisa di download bangğŸ˜¢ğŸ˜¢ğŸ˜¢,s9sIaeyPFXU
583,2024-11-23T09:34:31Z,@fikaoctaviara,UCKjw-OnagEH8act-19dWfCg,1,sombong kamu bang gamau sapa akuğŸ˜¢,s9sIaeyPFXU
584,2024-11-23T09:34:02Z,@panjiketawq1008,UCcdAZiukaKBpr2-d0pdh7qQ,154,35:28 sisi lain windahğŸ—¿ğŸ—¿,s9sIaeyPFXU
585,2024-11-23T09:33:53Z,@Blud86,UCYSJWS9dnyPJ5fk1267XX2Q,5,"Hoki kamu bang, pake pancingan steady gak di enchant bisa dpt squidğŸ¥³ğŸ¥¶",s9sIaeyPFXU
586,2024-11-23T09:33:40Z,@BocilKematiann_,UCpAkORDSZzhGZh4L7DJhjNg,1,aku suka maen roblok tpi aku ga goblok kok,s9sIaeyPFXU
587,2024-11-23T09:33:01Z,@erilhairiel,UCQEZXukQcoGIkGR4B-Pl8VA,0,"kok gada notif live banhh,aku nangis smpai kotaku jadi atlantis",s9sIaeyPFXU
588,2024-11-23T09:32:55Z,@ezawawa,UCCPe0r_PPcErvDprbSZbtjw,1,"bang katanya besok bakal ada update ikan god yaitu ""hiu madura""",s9sIaeyPFXU
589,2024-11-23T09:32:37Z,@fahmayantofahmayanto612,UCtx_wSBRftnEsqjiP7snEFg,0,b,s9sIaeyPFXU
590,2024-11-23T09:32:17Z,@notfuyukoo,UC3VyXuDDKbAOWtCfKndYADQ,0,Nama lengkap raka siapa bang?,s9sIaeyPFXU
591,2024-11-23T09:31:43Z,@walkingspirit935,UChZSgOG8UTEKhxPgyavr23g,0,bang nanti main dynasty wariors origins,s9sIaeyPFXU
592,2024-11-23T09:31:32Z,@EvelynPutri-rz6td,UC1XJZt6bYzgh-SXxwXXE7Lw,237,26:50 epick momen + gabisa berakata kata,s9sIaeyPFXU
593,2024-11-23T09:31:13Z,@RezaPratama-wk5cn,UCgZLol0SaqkXDc6X6GgQwag,0,semangat bang windahhh,s9sIaeyPFXU
594,2024-11-23T09:31:07Z,@ufvghzdsb,UC9dtfloxljdtpEMx3-UJpeQ,0,Ga nyambung pantun lu bang,s9sIaeyPFXU
595,2024-11-23T09:31:01Z,@Busartika001,UCD3hoaawMIDyBAXdNtQaznA,48,"Halo saya ibunya Aidan ingin meminta maaf atas kegaduhan yang saya buat sebelumnyağŸ™ğŸ»,, dan seharusnya saya yang lebih mengawasi tontonan anak sayağŸ™ğŸ»,, saya meminta maaf untuk semua dan oembuat video iniğŸ™ğŸ»,,",s9sIaeyPFXU
596,2024-11-23T09:30:53Z,@taufik8483,UCTYTVfEu_usUy5bQ2knHcVQ,2,35:28 momen epic ğŸ˜‚,s9sIaeyPFXU
597,2024-11-23T09:30:39Z,@rhmaellj,UCP39LqzQdksP_JJ4CtInxwQ,0,"gg kamu bang, aku iri bamnget",s9sIaeyPFXU
598,2024-11-23T09:30:32Z,@nesyiia,UCqdg3YgOb9UIcBN2nRNNwvQ,0,"tega km bng padahal aku baru aj tinggal hp aku ngmbil makan,pas balik dah end",s9sIaeyPFXU
599,2024-11-23T09:30:29Z,@ChristianChristiansiagian,UCiKrazIyps8X5MIQBbTzR_Q,2,Selamat bang bentar lagi 15 jt subcriberâ¤ğŸ‰,s9sIaeyPFXU
600,2024-11-23T09:30:28Z,@yogifahreza8603,UCrFZ987XjI5xEZIr-bkYwfg,1,Baru opening aja udah di goblokin pantesan di goreng goreng xixixixi,s9sIaeyPFXU
601,2024-11-23T09:30:18Z,@sigmaaaskbiiidi,UCohoEFNMi_yK2sP0I2iyrdg,1,Day 97 Request bang Windah main Lokapala,s9sIaeyPFXU
602,2024-11-23T09:30:13Z,@kntl4557,UCqeRj8PbyXS9zkP2sZ08FOw,0,"Bang main fc mobile lagi dong,skrng udh ada ovr 105",s9sIaeyPFXU
603,2024-11-23T09:30:06Z,@llyttc,UCHhaQbpoTkUFZnuvRgT9iDw,1,mie sm nagetku gmn ia bg aku join langsung endğŸ˜¢,s9sIaeyPFXU
604,2024-11-23T09:29:59Z,@takagamithll.3363,UC934_lFkLQIO94Qy44H5GOw,0,kmu main goblox?,s9sIaeyPFXU
605,2024-11-23T09:29:31Z,@Buterfly9736,UCsuOuzy3XDKqSXEulncXshQ,1,Baru juga nonton,s9sIaeyPFXU
606,2024-11-23T09:29:09Z,@afganalghafari,UCf41_ebzrfClOFMaeDZQVmQ,0,Cara dapatin cumi cumi raksasa itu yang paling gampang di snowcape bang,s9sIaeyPFXU
607,2024-11-23T09:28:53Z,@samueldiki3904,UCPVLZBAmidrxiPGUb12LdlA,0,Baru juga masuk udah keluarğŸ˜¢,s9sIaeyPFXU
608,2024-11-23T09:28:39Z,@nur027i,UCgVzHJec3gHCgwOp_j_P3Rg,0,"Itu sosis bukan sembarang sosis bang itu dari si pria sosis ğŸ˜‚, trus Iklan yang terakhir aku suka bang gg",s9sIaeyPFXU
609,2024-11-23T09:28:35Z,@Najibazza,UC_AQSoYGYqVnU5_1YdNuHsQ,1,"Roblox maniaaaaaaaa, mantappppppppp",s9sIaeyPFXU
610,2024-11-23T09:28:20Z,@Heezhi,UCxKwfqFJ0ZuxNHIPcfsp47g,0,Bang bagi roboxk,s9sIaeyPFXU
611,2024-11-23T09:28:00Z,@Memeowuu,UC-lmqhnXv-TWaBnqvZjqw4A,5,"Pergi ke danau memancing ikan,
Berjemur matahari menjadi hitam,
Hey adek2 jangan kamu sering main Roblox,
Nanti kamu jadi goblok.ğŸ˜®",s9sIaeyPFXU
612,2024-11-23T09:27:56Z,@ibuiban4605,UCNc4BiTShW4eqUOYUVbV2-w,0,"mamaku minta cumi raksasa kamu bang,katanya mau di bikin cumi asin",s9sIaeyPFXU
613,2024-11-23T09:27:34Z,@QiID69,UCANL7qMiTwVY4OBZG2xU3sw,0,"Siap siap bang jam 8 malem bakalan ada update baru sama nanti di tangal 30 November bakal ada ""megalodon event""",s9sIaeyPFXU
614,2024-11-23T09:27:27Z,@Zakgrizz,UC98u3U7rdmHDocCMgzUQ8ZQ,42,1:05:19 apaan ituğŸ˜®ğŸ˜®,s9sIaeyPFXU
615,2024-11-23T09:27:16Z,@ZaenalAbidin-yv9pr,UCmoldDO7DDXNTLnrpsn6TKA,0,"40% mancing, 60% yapping",s9sIaeyPFXU
616,2024-11-23T09:27:08Z,@Si.yusup.145,UC1mADK_V1qfeZiRh57OzPOQ,1,Nooo end,s9sIaeyPFXU
617,2024-11-23T09:27:05Z,@Haznaa_D,UC3OKkO38yUMYfnb4B9IkNSg,0,KECEWAAA,s9sIaeyPFXU
618,2024-11-23T09:26:59Z,@aerovdofficial4757,UCPhHkTW_DnpU7Kz-cWWXYaA,0,"gg bang bisa dapat cumi cumi raksasa, selamat bangğŸ‰",s9sIaeyPFXU
619,2024-11-23T09:26:59Z,@RitaLiong-p2v,UCzM-Qzdn7sLsqjmet4aL1uQ,0,0:45,s9sIaeyPFXU
620,2024-11-23T09:26:58Z,@hilwawidhatun6955,UCLOY8uj2TxmblKkWuhu7Agg,0,intro yg menyenangkan ğŸ˜‚ğŸ˜‚ bikin bocil Roblox mengamuk,s9sIaeyPFXU
621,2024-11-23T09:26:56Z,@Nenikarlina4589,UCLKkYH4SnWKdupUNzpxLFQQ,0,Dulu kamu pas smp dan sma kamu dibully bang brando?,s9sIaeyPFXU
622,2024-11-23T09:26:52Z,@LovelyChnzx,UCaEYbCTce-bN6CUKYNn2Z3w,0,Oke bg,s9sIaeyPFXU
623,2024-11-23T09:26:51Z,@alfaaatttt,UCHwMmAI-TxpFTUY4WQZlcbQ,0,KOK GAADA LIVE CHAT,s9sIaeyPFXU
624,2024-11-23T09:26:46Z,@jonathanwandarto6295,UCVG9ChLMBa9lacAFmCa3ZLw,0,"Roblox bikin pusing njir, kok bisa bocil pada betah",s9sIaeyPFXU
625,2024-11-23T09:26:43Z,@lyliaawibu,UCuZWcOhGIAT1CmPA4ZHXdJA,1,BANG KAPAN LANJUT GAME SHERLOK TAKPARANI,s9sIaeyPFXU
626,2024-11-23T09:26:41Z,@madinaaulia9428,UCJT0NE0oSZqgaw6S8dn-QTw,0,Ninja kamu bang,s9sIaeyPFXU
627,2024-11-23T09:26:38Z,@Vknydaniel,UCFZ-oeBRlQSQexXuM3qZdVQ,0,Semagat bang windahâ¤â¤â¤,s9sIaeyPFXU
628,2024-11-23T09:26:38Z,@WindahBasudara,UCoIiiHof6BJ85PLuLkuxuhw,166,"Gila Cumi Cumi Raksasaâ€‹â€‹
Jangan lupa gabung ke discord pecinta Roblox Fisch : https://discord.com/invite/motionime",s9sIaeyPFXU
629,2024-11-23T09:26:37Z,@RitaLiong-p2v,UCzM-Qzdn7sLsqjmet4aL1uQ,0,Semangat bang,s9sIaeyPFXU
630,2024-11-23T09:26:36Z,@afdalafdal4173,UCNN9DPxly3gbBe03rG3he6w,0,baru juga nonton bang,s9sIaeyPFXU
631,2024-11-23T09:26:33Z,@niakurniawati2878,UCjz77e6DtqtX4r-3xi-_ldQ,0,Bg aku kecewa,s9sIaeyPFXU
632,2024-11-23T09:26:28Z,@aku.keandra,UCglUoK2wO_xUKWtDdJM2uIw,487,24:21 Misteri Cumi Raksasa Terpecahkan,s9sIaeyPFXU
633,2024-11-23T09:26:16Z,@Gazio-m9h,UCB-BKWFxiPoZVh7IC9OYCnQ,0,Sekem,s9sIaeyPFXU
634,2024-11-23T09:26:15Z,@pawllieod,UCtRuM4gHmD8zC_TaJdnOvUA,0,kocak lu bg,s9sIaeyPFXU
635,2024-11-23T09:26:13Z,@aldofootball99,UCNrh-QLSChM8SGr1aCDTdHA,0,"bang muka lu semakin kotak bang, gara gara elu sering main game roblox nya ğŸ˜‚ğŸ˜‚ğŸ˜‚ğŸ˜‚ğŸ˜‚",s9sIaeyPFXU
636,2024-11-23T09:26:11Z,@MJumanC,UC1dllTH8NNMMKEK8oP466gg,0,Cakep,s9sIaeyPFXU
637,2024-11-23T09:26:09Z,@reza.gaming.1p.w,UCYso2jCU_WQXeiEqLDRlj6A,0,Padahal aku belum puas dh end ajğŸ˜ŠğŸ˜Š,s9sIaeyPFXU
638,2024-11-23T09:26:05Z,@bukannnisaa,UCY0SfA1b_GJ8exrVFHTt9Hg,0,langsung end,s9sIaeyPFXU
639,2024-11-23T09:25:59Z,@ADITSUKABASURI,UCwAfzzl_h-z96xBGyFUqgFw,0,Harus lanjutin sampe dapet ikan legendaris!!,s9sIaeyPFXU
640,2024-11-23T09:25:57Z,@Krishna-1p-ryu,UC9MfhVpDGJMHvzdClYcbmKg,0,Tega ninggalin kita bangğŸ˜¢ğŸ˜¢,s9sIaeyPFXU
641,2024-11-23T09:25:56Z,@biosetiapratama84,UCHGKHrbXB5rpX_cvLqC1Kmg,0,1:05:26 itu apa bang? Kok rame2 gitu?,s9sIaeyPFXU
642,2024-11-23T09:25:55Z,@OhYa-b6s,UCVz5Kxn7u5kzLbUzGye--7A,0,Bang aku sagne liat muka lu bang,s9sIaeyPFXU
643,2024-11-23T09:25:53Z,@jksnt3352,UCgS_soU4Cqd0WwEAqxZEZ8A,0,Wkwk,s9sIaeyPFXU
644,2024-11-23T09:25:52Z,@Lamimi87107,UCuqWL_XuH35LUQGBAXkOGyQ,0,Game perang dong bang,s9sIaeyPFXU
645,2024-11-23T09:25:51Z,@nbillachaya,UCOZ35J1JczN6V7CkI7EMU9w,0,ninjaaağŸ˜ ğŸ«µğŸ»,s9sIaeyPFXU
646,2024-11-23T09:25:50Z,@muhammadfaizin941,UCnOHRZ1GBs3BysYCXWAr3oQ,0,35:29 sus,s9sIaeyPFXU
647,2024-11-23T09:25:49Z,@MiLK_Kyy0756,UCLOORgXlQzmzykH9ih55ZJw,0,Yahh dh selesaiğŸ˜¢,s9sIaeyPFXU
648,2024-11-23T09:25:47Z,@ZEEDANMERRY,UCjbVsPy2GwtZVyFiDKqt8WQ,0,di Roblox ada twice bang,s9sIaeyPFXU
649,2024-11-23T09:25:47Z,@SandrinaDwi,UCZ2tCPBp23fTY8bG2Qx_5Kg,1,TEGA KAU BANGG,s9sIaeyPFXU
650,2024-11-23T09:25:39Z,@JamilSabia,UCnuwLV7OhXrjbdFwtSr7KsA,0,gw baru mau nonton live udah selesai duluan,s9sIaeyPFXU
651,2024-11-23T09:25:38Z,@Zackthegame63,UCALmoPeqLvl7KBQEd1ivVIA,1,ğŸ—¿,s9sIaeyPFXU
652,2024-11-23T09:25:37Z,@aureliaaletta-u6g,UCtEDJVM4OYeH67zQFPd402w,0,lanjut lah bang,s9sIaeyPFXU
653,2024-11-23T09:25:37Z,@ashx_ghosty,UCFxSM-Le9auhhmjn6wJf0Yw,0,Gara gara dapet sosis,s9sIaeyPFXU
654,2024-11-23T09:25:37Z,@Uhhyaminnon,UCApc6FGmBv7pB8W_o1r_MJQ,0,15juta sub giveway robux bang,s9sIaeyPFXU
655,2024-11-23T09:25:36Z,@fathirhibatullah5070,UCS882Bxny3g3PfrV_MQpEBQ,0,Tega banget bang windah,s9sIaeyPFXU
656,2024-11-23T09:25:33Z,@umaruchan6903,UCcbbu7xfvSI2-MEaIa_ah5A,0,ğŸ˜¢,s9sIaeyPFXU
657,2024-11-23T09:25:32Z,@sickclown2700,UCvyCGTIv9bdjmAfLJtDM-kQ,0,bangke ğŸ˜‚ baru juga join,s9sIaeyPFXU
658,2024-11-23T09:25:31Z,@naatasyap,UCFOvR22mIKSVMDgwjaki37A,134,"Disini Raka berhasil membahagiakan almarhum ayahnya dengan penangkapan cumi raksasanya, namun ikan woyo woyo belum terungkap sampai sekarang. Sehat selalu Raka",s9sIaeyPFXU
659,2024-11-23T09:25:31Z,@veb9554,UCXaRUYXxSaclmUFPLMUPVTA,0,yutuber ga niat lipe,s9sIaeyPFXU
660,2024-11-23T09:25:29Z,@UbayySahdan,UCK3uEpAdvP5EHJSBvTgiDoQ,0,telat ga bang,s9sIaeyPFXU
661,2024-11-23T09:25:29Z,@alwannnn.,UCbPK2XcrZ8oqdzaxHHuBbZA,1,BANG KAMU MIRIP ROBLOX,s9sIaeyPFXU
662,2024-11-23T09:25:27Z,@putsky-n4u,UCfy9ZyczI7MlQq8pKpbkMqQ,1,"main Roblox bikin goblok, hai kamu bocil skem jgn bacot",s9sIaeyPFXU
663,2024-11-23T09:25:25Z,@orangrnnds,UC391-O_zCse_7W2CRn_ZBAw,1,tega kamu mas,s9sIaeyPFXU
664,2024-11-23T09:25:23Z,@rabuuee619,UC_chK_XII7SPmuDK5CC5qRQ,0,Tiba tiba banget bang end ğŸ˜¢,s9sIaeyPFXU
665,2024-11-23T09:25:23Z,@syahminaiman9609,UCUtMTC00DhR4cfS12r2sCHg,1,26:55 gg raka,s9sIaeyPFXU
666,2024-11-23T09:25:23Z,@JekiDisini,UCl9735o8KVDalDrpXObQqMA,0,Bg katanya ada ikan cupang pelangi bang,s9sIaeyPFXU
667,2024-11-23T09:25:23Z,@chipss9110,UC7mrAJGHD8LoWEcvsiCPgOg,0,Skemm,s9sIaeyPFXU
668,2024-11-23T09:25:22Z,@Oddd18,UCOu7wLWx3cREUpK9rWS8jAw,2,"Ternyata main FC Mobile 3 bulan yg lalu, sekarang sudah ada ovr 105 dan mau 15jt subs masih belum main jugağŸ˜¢",s9sIaeyPFXU
669,2024-11-23T09:25:21Z,@mndaflciaa,UCwJ8VVI7Nqd5wijVBysfFBg,0,bagus bang sosisnya itu,s9sIaeyPFXU
670,2024-11-23T09:25:20Z,@afrizaasuwandii,UCG1_OBwsxghv92J17_SG73g,0,skem anjir,s9sIaeyPFXU
671,2024-11-23T09:25:17Z,@TogaRajaSasendeSiregar,UCv0BLw89F4Wp1l4cKxbKbmQ,49,26:48 epick moment,s9sIaeyPFXU
672,2024-11-23T09:25:16Z,@deendae,UCMcTqow8l7RVBHEgFJO5HVg,0,PAK U PAPI,s9sIaeyPFXU
673,2024-11-23T09:25:16Z,@andriandwiirfandi912,UC65wcrGeYoyDILfNw4aaXyw,0,Mengapa langsung end streaming ğŸ˜¢,s9sIaeyPFXU
674,2024-11-23T09:25:14Z,@RagandhiFarhan,UCQXwU4ZteHtsXGsjM01AnQg,1,woi aku udah masak mie malah end,s9sIaeyPFXU
675,2024-11-23T09:25:12Z,@nndasty,UCSpId9b-xxpQFBqdZN48Kjw,1,"nasi padang baru ku buka km malah end bang, tega",s9sIaeyPFXU
676,2024-11-23T09:25:12Z,@SiapaituRyy,UCO9UAqqxNPsiyxSXtBpgQDQ,0,Bang budiono siregar itu KAPAL LAWD,s9sIaeyPFXU
677,2024-11-23T09:25:12Z,@khatrn_,UC_9sTzSoMxCRloZ2DTF_08Q,0,kocak,s9sIaeyPFXU
678,2024-11-23T09:25:11Z,@irgigaming1928,UC-OgrbgdhM3P_bQdhadDOTA,0,mancing perkoroğŸ˜¤,s9sIaeyPFXU
679,2024-11-23T09:25:10Z,@zakri_.,UC4EI23yqnm68UYdRjc7KTvw,0,kontrak,s9sIaeyPFXU
680,2024-11-23T09:25:10Z,@Alerya_justlonely,UCBKmliCI9fX2Mh2uxr9D5pw,0,"buset , EL TEGA",s9sIaeyPFXU
681,2024-11-23T09:25:10Z,@RARRR_45,UCxA7bKNop3MTjTk8hmE8InA,0,Yah baru juga joinn,s9sIaeyPFXU
682,2024-11-23T09:25:09Z,@ilhamramadhan442,UCezeYC3-Bubc3-Wjw7fA74g,0,bang kamu satu satu nya youtuber yang dapat cumi cumi raksasa dalam waktu kurang dari 30 menit,s9sIaeyPFXU
683,2024-11-23T09:25:09Z,@celsilin,UCQTXZTHZ3qMWipxLl0gnlTg,2,teganya kamu end stream bg yapping basudarağŸ˜¢,s9sIaeyPFXU
684,2024-11-23T09:25:08Z,@nbilwlnglo4986,UCntUpdbSPBNkx_rl8KoWxeQ,0,kapan observasion dutty 7 bang,s9sIaeyPFXU
685,2024-11-23T09:25:08Z,@gogenheimhir,UCOD2YTsbZh-4rxWZ1SjvxKA,0,1:05:15 big blek kok,s9sIaeyPFXU
686,2024-11-23T09:25:07Z,@Zallmewing,UCItTXWqNet8NAJyQGxkoxEA,22,35:28 secret ending wkwkwk,s9sIaeyPFXU
687,2024-11-23T09:25:05Z,@ferdydikatze,UCYTJbHLm1WWft4YL6FWLfWA,30,1:05:19 dapet apa bg,s9sIaeyPFXU
688,2024-11-23T09:25:00Z,@J15165,UCC6JFiJYbM-yAjWUZaqXtRw,0,Dapat pickle terus ğŸ˜¢ğŸ˜…ğŸ˜®,s9sIaeyPFXU
689,2024-11-23T09:24:59Z,@b20666,UCCkjldja1np25fqk15BvJiw,13,ending sosis hitam legam asli bandung,s9sIaeyPFXU
690,2024-11-23T09:24:58Z,@satriasatria2533,UCku5tQ6GbfrJbLrWYHtlqLA,4,"Gg dapet cumi raksasa 
Ngomong2 lu mau 15 jt subs",s9sIaeyPFXU
691,2024-11-23T09:24:58Z,@WissChannel07,UCLesKo-Azv8kSdBwy7Tif1A,0,singkat padat bersin end streamğŸ—¿,s9sIaeyPFXU
692,2024-11-23T09:24:57Z,@shanksnoyonkou,UCmfT6Al8UHRAqXzryGdKFXA,0,TEGA KAMU BANG AKU BARU NONTON MAKANAN NYA BELOM HBISğŸ˜¢,s9sIaeyPFXU
693,2024-11-23T09:24:57Z,@Yeaa_MC,UCbleWV8Vg-fgKer1lnVUB0w,0,El ninja anying,s9sIaeyPFXU
694,2024-11-23T09:24:57Z,@sya-gg,UCyioiRqb5HZ5-xPzimIQXXg,0,bang ko langsung endğŸ˜¢,s9sIaeyPFXU
695,2024-11-23T09:24:56Z,@ItsOumia,UCU_SIn5WTvE1IcX7ji4B2Cw,1,bang windah tega ninggalin joseph,s9sIaeyPFXU
696,2024-11-23T09:24:55Z,@yaqdhanrakha,UC_KGWDZNnllTV18za1vUoww,0,KOCAK bang kalo dapet mitik end stream,s9sIaeyPFXU
697,2024-11-23T09:24:54Z,@Danzzjustkiding,UCQ7GVM2oC5TIDfn-a9-Lewg,1,Gen x ngeyel ngeyel semua orang tuaaa,s9sIaeyPFXU
698,2024-11-23T09:24:54Z,@antoksugiyanto4627,UC7R4y3GGbCRNQba37rVCGGg,0,Tega kM,s9sIaeyPFXU
699,2024-11-23T09:24:54Z,@heraayiin,UCfK1k3rZSUsxOQIrArnnCqg,0,ğŸ˜…,s9sIaeyPFXU
700,2024-11-23T09:24:51Z,@MuhammadalwifirdausAssegaf,UC8hOq7X6rywVnm4rHH8oHNw,1,BANG AKU BARU NONTON LANGSUNG ENDğŸ˜­,s9sIaeyPFXU
701,2024-11-23T09:24:51Z,@Dika1009-p6h,UCQxsYmifwjUEYNV3yUkeYcw,0,ewe,s9sIaeyPFXU
702,2024-11-23T09:24:51Z,@jstn4aa,UCcauDVeZIQW1DDTMDFBAc-Q,1,el ninja,s9sIaeyPFXU
703,2024-11-23T09:24:51Z,@CakraNurfatih,UCazMrMITjjwiOZxREUX5eYA,0,TEGA KMU BANG,s9sIaeyPFXU
704,2024-11-23T09:24:50Z,@Hambaly_713,UCuYGNx1Yra4abGK61W_7C5Q,1,Bg hiu kontolodon paling langka  bg,s9sIaeyPFXU
705,2024-11-23T09:24:49Z,@aurararat,UC_J8DcmblOU_7tWWJRzFg6g,0,kocakkkkk ninja,s9sIaeyPFXU
706,2024-11-23T09:24:49Z,@arighifarii28_,UCg1sJNtdLjjT8XJ1sv_kaLg,1,bang aku jg punya sosis bbc.bisa bikin cewe kenyang 9 bulanğŸ˜…ğŸ˜ŠğŸ˜ŠğŸ˜ŠğŸ˜ŠğŸ˜ŠğŸ˜Š,s9sIaeyPFXU
707,2024-11-23T09:24:49Z,@DyRicha,UC6jQnEWgiE8bi3y-w4vch7A,0,Atau ga mainin stardey valley,s9sIaeyPFXU
708,2024-11-23T09:24:48Z,@lloooo7181,UC6vzwZNMZ9Ho0QD5IhpGimA,1,bang kapan main roblox rainbow friends 2ğŸ˜¢,s9sIaeyPFXU
709,2024-11-23T09:24:47Z,@rizikbeh4242,UCR1qm0-GtroRBxKftiJ5xHA,0,baru juga masuk,s9sIaeyPFXU
710,2024-11-23T09:24:47Z,@angelll_2,UCLwGJCND6zC7Mz5IRTD2eUQ,0,KAMU KENAPA NINJA TERUS BANGGğŸ¤¬ğŸ¤¬ğŸ¤¬ğŸ¤¬,s9sIaeyPFXU
711,2024-11-23T09:24:46Z,@enthraalling,UCo5g1mBAmS64phJlrEd3j1A,0,el ninja,s9sIaeyPFXU
712,2024-11-23T09:24:46Z,@SyakirTikus2010,UC4IATkHtZZBPmUxJ-ETzcvw,0,Walamak lamgsung end liveğŸ˜‚,s9sIaeyPFXU
713,2024-11-23T09:24:45Z,@narin-gy4zo,UC8Ri7K4FJWLVT0x1b4yFZsA,0,WKWKWKWKWKWKWKWKWKWKWKWK,s9sIaeyPFXU
714,2024-11-23T09:24:44Z,@msyehannap2638,UCIRuzX8heYzr5uiVusQ6S1Q,1,cumi rakasa,s9sIaeyPFXU
715,2024-11-23T09:24:44Z,@latifahlatifah658,UCyBF-yiDpmTaamMK5cz5jNw,7,"Bang lanjut ungkap semua ending 5hearts , terutama si seungyi kenapa dia tinggal di balkon ?",s9sIaeyPFXU
716,2024-11-23T09:24:44Z,@fishloup,UCz6zDXyuhQsHUDIJsO_r9Ww,0,lagi bang,s9sIaeyPFXU
717,2024-11-23T09:24:41Z,@nafzkyyy,UCIxVZoGrxEEP03j9wvwlw6w,0,baru juga masuk udah end stream aja kocak,s9sIaeyPFXU
718,2024-11-23T09:24:41Z,@nurdin455,UC-nSS71PJ8wlRDpuMlWjfLg,1,NINJA SUUU,s9sIaeyPFXU
719,2024-11-23T09:24:39Z,@irfanjrs_18,UCcMXFiJL_Ik32XbriULfj7Q,0,King ninja,s9sIaeyPFXU
720,2024-11-23T09:24:38Z,@penipu225,UC9zr-H3cmvdjNSiFSC7qO6w,1,jalanÂ² simulator,s9sIaeyPFXU
721,2024-11-23T09:24:39Z,@lalaphz,UCbKJeKZtGNm7FWzav45YjjQ,1,kocak kamu bang,s9sIaeyPFXU
722,2024-11-23T09:24:38Z,@emillyaa-v2p,UCfqiqSQEPMdv1SiUq9cgnuw,0,baru juga join,s9sIaeyPFXU
723,2024-11-23T09:24:38Z,@RiamTarigan,UCPPtq5GdHpGsDS-iJvZXb4w,0,NINJA MULU NENTOD,s9sIaeyPFXU
724,2024-11-23T09:24:37Z,@leleeterbang,UCf3p6QPiSTScLMCNNSAMUGg,14,Astagaaa baru nonton beberapa detik lgsg end,s9sIaeyPFXU
725,2024-11-23T09:24:37Z,@Bocil_efootbal.,UCvWkp36WqLUEKS9D1MJFPwg,0,Kocak,s9sIaeyPFXU
726,2024-11-23T09:24:36Z,@alzhafranadha,UC1a9Sj37ggfkT6bzM8pHlSA,0,Bg kapan kapan main the Spike cross lagi moga dibaca,s9sIaeyPFXU
727,2024-11-23T09:24:36Z,@ahnafmahsa4290,UCWoB-p7xqOEJJ0RGQXQQsVQ,0,Itu bukan ikanğŸ˜‚,s9sIaeyPFXU
728,2024-11-23T09:24:35Z,@rafli_turu,UCMHTMwpKGIzpnBe_SqLiBHA,0,el dongeng,s9sIaeyPFXU
729,2024-11-23T09:24:34Z,@captain_rose,UCemi__zH76Ir55T-vaoyJpA,0,Aku menunggu ikan megalodon bang windah,s9sIaeyPFXU
730,2024-11-23T09:24:33Z,@wahyuruqyahh,UCzHA0oF4hTGwZwyBEbO_rNA,0,Parah ges,s9sIaeyPFXU
731,2024-11-23T09:24:32Z,@najanurilhaqqi8547,UCNNJQgM-CjklSvoWfQxoSqg,0,ğŸ˜­ğŸ˜­ğŸ˜­,s9sIaeyPFXU
732,2024-11-23T09:24:32Z,@oippissheree687,UCNRzBxiJno1HyOulzY4LmwA,0,DISKORT PUQIMAK,s9sIaeyPFXU
733,2024-11-23T09:24:29Z,@vinzmayones,UCqwVHMG8JVR8v7Buwx9CiLg,0,Lah,s9sIaeyPFXU
734,2024-11-23T09:24:29Z,@Not_Ay,UC3SqpiTSt1gGak3zOJWOi5A,0,Bg baru join,s9sIaeyPFXU
735,2024-11-23T09:24:29Z,@ixannn,UCYjz_yC8ZyZfDmk4dr_uEgA,0,ninja jink,s9sIaeyPFXU
736,2024-11-23T09:24:28Z,@nndasty,UCSpId9b-xxpQFBqdZN48Kjw,1,memancing amarah,s9sIaeyPFXU
737,2024-11-23T09:24:28Z,@Dryon890,UCyvZWp7ZWw3NdlPHHQmSLfA,0,EL Bersin ğŸ˜¹ğŸ˜¹,s9sIaeyPFXU
738,2024-11-23T09:24:28Z,@ZainHimawan,UCHTqC9j0bm3ytz7jIE1RTIQ,0,31,s9sIaeyPFXU
739,2024-11-23T09:24:27Z,@Ananda-p7r,UCNTJPQmI_wHID27aVCCWZNg,0,"Aku,aku,aku,akuuuu,akuuuuuuu,akuuuuuuu StresssssğŸ˜Œ",s9sIaeyPFXU
740,2024-11-23T09:24:26Z,@SatriaShess,UCGCsEirPTjgcc2uVnMbgOXg,1,1 orang bahagia smua ikut bahagia ğŸ‰,s9sIaeyPFXU
741,2024-11-23T09:24:26Z,@nurshashakirrahbintimuhdna50,UC9dNv9bhv9_8myiRJB6uZ8w,0,ninjaa ğŸ˜¢,s9sIaeyPFXU
742,2024-11-23T09:24:26Z,@DyRicha,UC6jQnEWgiE8bi3y-w4vch7A,0,Bang lanjutin silat,s9sIaeyPFXU
743,2024-11-23T09:24:26Z,@brilliannnn9393,UC1OPIxv66ofadtsby3h8vDQ,0,Pertamax,s9sIaeyPFXU
744,2024-11-23T09:24:25Z,@RezzAjah-k1f,UC9evbCyrcp2Hi-NVFhBmVqg,0,Awokawokawok,s9sIaeyPFXU
745,2024-11-23T09:24:23Z,@olangcina6754,UCFPuMn46hH_mZ0LwF-gb-cg,0,Baru juga mau nonton,s9sIaeyPFXU
746,2024-11-23T09:24:22Z,@dinzx_f3,UC1cyjuqwgJIKcYujePAL0Mg,0,secret ending,s9sIaeyPFXU
747,2024-11-23T09:24:22Z,@garaxbmgo3251,UC3iMiNK2Gz7G4lC1QQPzoMw,7,"mythic gede yg abang bisa dapetin ada di Roslit,  di bunderan air yg ada cahayanya, trs di disholate deep, itu yang gede gede bg,, rod jangan lupa di enchant bang ada di statue masuk terus harus malem malem bisa di enchant pakai enchant relic yang abang dapetin ğŸ‰ğŸ‰",s9sIaeyPFXU
748,2024-11-23T09:24:22Z,@chumyMC,UC39Hp6VyGoHEMVSmosihEHg,0,Hoax,s9sIaeyPFXU
749,2024-11-23T09:24:20Z,@notarethekingss,UC1aIhFWSpT_GPtIpwUe_0iA,0,pertama,s9sIaeyPFXU
750,2024-11-23T09:24:20Z,@BagasDwiprayoga,UC18QuiHGH23NnEImAnIBNxg,0,Baru juga masuk masa langsung dpt cumi nyağŸ˜‚ğŸ˜‚,s9sIaeyPFXU
751,2024-11-23T09:24:19Z,@raaaaslll,UCSsI3eNXEoX2mo9wDL8BhlQ,0,Kedua,s9sIaeyPFXU
752,2024-11-23T09:24:18Z,@andhikafakhrial7171,UCCV-CWwlTx8OmTOo8ZufmhA,0,"bang brando ko kamu ga lanjutin game kungfu, aku menunggu sampai berminggu minggu",s9sIaeyPFXU
753,2024-11-23T09:24:17Z,@AyamGoreng-p9l,UCc5zrA22cRcHspyneC-8y_A,0,El ninja,s9sIaeyPFXU
754,2024-11-23T09:24:16Z,@Wifepo8,UCeT8qfVcVTPdN9eBtMtydRA,0,EndğŸ—¿ğŸ—¿,s9sIaeyPFXU
755,2024-11-23T09:24:15Z,@haikhalmey,UCvvggo0eoESVhkybDHRIK9g,1,"Baru juga nonton udah n stream,kocak",s9sIaeyPFXU
756,2024-11-23T09:24:15Z,@daffichannelsanjaya1776,UCNLdkRCqA9KFFnbJIynYOTQ,0,Malah end bg,s9sIaeyPFXU
757,2024-11-23T09:24:15Z,@Plonco58,UC2r6c6LypumE31DS_rkunMg,0,Pertama,s9sIaeyPFXU
758,2024-11-23T09:24:14Z,@JeasonPiero,UCkhxtVJU2JLKoU77FnBxD1A,0,Ninja kocakk,s9sIaeyPFXU
759,2024-11-23T09:24:14Z,@tutirahayu242,UCnrshr3LTFZ4H7aoLxl0L3Q,0,HALLOO BANGGG,s9sIaeyPFXU
760,2024-11-23T09:24:13Z,@SenpaixzZ,UCdtsJJ0RfYD07qw1DJeDv2g,0,Yoo,s9sIaeyPFXU
761,2024-11-23T09:24:13Z,@dinanana22,UChULZkEOEqDmIBVJO0vqxog,16,jahat kamu bang aku baru siapin makanan kamu langsung end,s9sIaeyPFXU
762,2024-11-23T09:24:13Z,@zatnikaadiguna,UCvFd771NVn1wfNzLO8Kx_0A,0,"bang, itu apa rame""?",s9sIaeyPFXU
763,2024-11-23T09:24:12Z,@ainayahshikha8003,UC5j5F-4YJrFN7yA9Qk1YvtQ,0,keren,s9sIaeyPFXU
764,2024-11-23T09:24:12Z,@RidhoAzhari-lx7is,UC6HJjDQtxrWsdhCCpbgVgAw,0,El ninja,s9sIaeyPFXU
765,2024-11-23T09:24:10Z,@indrabejen4279,UCs2hbwSm2epaj-KEby7PaBg,414,TEGA KAMU BANG,s9sIaeyPFXU
766,2024-11-23T09:24:10Z,@muhammadbagir1903,UCWYmR4h3kUiq9bBbZku0_5w,0,Wkwkwkwk,s9sIaeyPFXU
767,2024-11-23T09:24:09Z,@D733-R,UCzTKN1AsMX1PDFse8Q0KkQg,0,kocak ninja,s9sIaeyPFXU
768,2024-11-23T09:24:08Z,@RenoAldi-mc3wg,UCh-KKYx0gxYl8tV7Yo7bpuw,0,first bg,s9sIaeyPFXU
769,2024-11-23T09:24:07Z,@EzztEzzt-p8w,UCeCZRoDjKO_LoEwIrUI8F4g,0,HaloğŸ˜‚,s9sIaeyPFXU
770,2024-11-23T09:24:07Z,@LegrillSamarinda,UCQ1y7BHMvGw47n4yJnjzSUA,0,Lah,s9sIaeyPFXU
771,2024-11-23T09:24:06Z,@Vaiyouleto,UCvhEmIxxTS17PmA9ue3fSqA,1,Astaga baru masukk aku,s9sIaeyPFXU
772,2024-11-23T09:24:04Z,@raf5742,UCLqTTZa2C6fpiR4hvdaMZdQ,0,First komen cuy,s9sIaeyPFXU
773,2024-11-23T09:24:04Z,@AmadGabut,UCdaFaqDpfIiuNY1l8jho6VA,1,Apalah malh end,s9sIaeyPFXU
774,2024-11-23T09:24:03Z,@FerdyRidwan,UCioyxWDQA_ySfzHhg3bNKqQ,0,scamm,s9sIaeyPFXU
775,2024-11-23T09:24:01Z,@amonali18,UCY_-U2E6MMpct8rvSChrRYA,0,Gg,s9sIaeyPFXU
776,2024-11-23T09:23:59Z,@ajengbisajj,UCc4H9smwny4_N0kTH9j-iPw,1,gj,s9sIaeyPFXU
777,2024-11-23T09:23:58Z,@dimasandrean478,UCriVgPQ2MBMedkxIutqlIjA,1,skem,s9sIaeyPFXU
778,2024-11-23T09:23:57Z,@mhmdbayu234,UCQ-UJfUNh9tpviByKOdBleg,10,"bg katanya update besok ada ikan legendaris bernama ""komtolodon"", apa itu nyata?  atau cuma teori bocil roblok!",s9sIaeyPFXU
