,Unnamed: 0,comment
0,0,"Gila Cumi Cumi Raksasaâ€‹â€‹
Jangan lupa gabung ke discord pecinta Roblox Fisch : https://discord.com/invite/motionime"
1,1,bg lanjutin game nya ada update megalodon dan mosasaurusğŸ˜œ
2,2,Bang saya kasih megalodon
3,3,Ko ga bisa di download vidionyaaaaaa
4,4,Main bareng bang
5,5,Main bareng yuk bang gua gak ganggu
6,6,Main bareng bang gua kasih ikan bagus
7,7,Bang winda coba mancing saurus merah
8,8,lanjut bng seru
9,9,Bang gua mau ikut main
10,10,26:48 momen windah speechless
11,11,Bang abang kalo mau dapetin mosasaurus abang bisa ke ancient isle gua dapet albino mosasaurus
12,12,halo
13,13,"Bg aku ada saran cari duit sampe 15k abis tu beli magnet rod lalu mancing di sunstone island biasa ny dpt quality bait crate itu jangan di buka bg jual aja soal ny 1 itu harga ny   
1500C$ lumayan banget kan bg jdi mancing aja disitu klo udh banyak quality crate ny jual nnti untung banyak"
14,14,Banyak-banyak pusing piringnya semuanya dijual kanğŸ˜…ğŸ¤²ğŸ»ğŸ«µğŸ»
15,15,Godzilla mana nanti datangğŸ˜¢
16,16,Pause juga dong aku penasaran paus itu apağŸ˜…
17,17,Jangan dijual kan itu kesayangan aku tadiğŸ˜¢ğŸ¥¹ğŸ˜­
18,18,Iya aku setuju beli di kapalğŸ˜ŠğŸ˜Š
19,19,Situ ikan cumi-cumi nya besar aku tahu itu ğŸ¥ºâ˜ºï¸
20,20,Pesawat lulus itu cepet ğŸ¤¬ğŸ«µğŸ»
21,21,Ayolah bilangnya lurusğŸ˜®ğŸ˜¡ğŸ¤¬ğŸ˜¡ğŸ¤¬ğŸ˜¡ğŸ¤¬ğŸ˜¡ğŸ¤¬ğŸ˜¡ğŸ¤¬ğŸ˜¡ğŸ¤¬ğŸ˜¡ğŸ¤¬ğŸ˜¡ğŸ¤¬ğŸ˜¡ğŸ¤¬ğŸ˜¡ğŸ«µğŸ»
22,22,Kan ini udah sampai bagus sekarang bang bang ğŸ«µğŸ»ğŸ˜¡ğŸ¤¬
23,23,Kalau maju pasti asik kiatnyağŸ˜…â¤
24,24,mancing megalodon bangğŸ˜‚
25,25,Ap si tb tb end
26,26,Bang aku dapat megalontongğŸ˜Š
27,27,"Bang coba megalodon ğŸ‰ğŸ‰
ğŸ˜Š"
28,28,Aku punya colossal 11biji loh bang mau gak aku kasih  ğŸ¥°ğŸ¥°ğŸ¥°
29,29,Lanjutin Fisch bang
30,30,1:03:11 sumpilll ini sfx nya sangat pasaran ğŸ—¿
31,31,55:54 but a story
32,32,21:37 gila serem juga liat tangannya ğŸ’€
33,33,"Gila GK tau main game ini grafiknya ğŸ¤¯
Meanwhile gw liat temen gw main game ini grafiknya ğŸ—¿"
34,34,Seharusnya lu main ini pake hiu Madura
35,35,4:13 player hp menangis well ğŸ¤ª
36,36,Lanjut geh bg
37,37,Lanjut geh bg
38,38,"cumi cumi juga bisa tanpa di snowcap bang, caranya itu abang tunggu malam berkabut habis itu abang pergi ke komoas arah ya W sampe ujung, pancing disitu"
39,39,telat ga bang
40,40,GA lanjutin lagi kah bang
41,41,Bang sekarang buktikan di kehidupan nyata bahwa kamu bisa mancing!
42,42,lanjutnya gak ada???
43,43,1:05:23 Batang Hitam Besar
44,44,Ahh
45,45,Bang raka itu siapa
46,46,Budiono siregar: citaÂ² ku kapal lawd
47,47,Dilautan
48,48,Bang main game fishing simulator Roblox bang
49,49,"Bang paus donk lebih menantang, sama hiu juga ada bang"
50,50,Halo bg WindahğŸ˜
51,51,mirip yang ada di game play together
52,52,akupercinta Roblx
53,53,macing mania
54,54,35:29 ğŸ¤¨ğŸ¤¨ğŸ¤¨
55,55,Bg video nya gk bisa di download
56,56,bang dapetin mosasaurus bang lokasi nya di ancien isle itu gede banget bang
57,57,Selain Winda basudara akan ngalahin gua gua 8000 kilo
58,58,"bg,bang stresmen udah punya buaya      
purba sama monster laut nesse jan sampai kalah"
59,59,Bang pengen main sama abang nya 3:24
60,60,Rheh
61,61,mampua piewnya dktitğŸ˜‚
62,62,1:47 nama lagunya apa?
63,63,Mantap mas Brando
64,64,SEHAT SEHAT BANG
65,65,ikan  lefiatan
66,66,26:49 bang windah : ğŸ˜®
67,67,Sigma ğŸ˜®
68,68,Bang fc mobile
69,69,Next mancing di real life dong bang
70,70,"lu belom liat ancient depth serpent, nessie dan megalodon"
71,71,"26:51 kirain mau lagsung end stream jir, ternyata masih ada 39 menit lagi"
72,72,Bang lanjut plis
73,73,LANJUTIN BANG
74,74,Bang ke the depth boleh ka
75,75,"Cumi-cumi itu gampang 
Menurut ku"
76,76,Bang aku dapat cumi-cumi 2 kali
77,77,Aku tingkat 55
78,78,Bang aku dapat cumi-cumi itu pakai pancingan kings
79,79,Bang ada ikan tuna sirip biru
80,80,Itu harganya 3500
81,81,Bang aku sudah dapat cumi-cumi
82,82,semoga cepet ga roboh yağŸ˜”
83,83,bang windah skin anomali nih pasti
84,84,Bang ada alligator di swamp
85,85,Gw tukang hackers apa lu?
86,86,Lanjut dong bang
87,87,endingnya yaalah ngakak
88,88,Bang namaku Raka bang
89,89,Sus banget pas liat foto
90,90,Bang mudah mudahan Abang sehat selalu amin dan sukses selalu
91,91,Hiu Sumatra terlupakan kah bgggğŸ˜¢
92,92,39:37 naik naik naik ngakak njir ğŸ˜‚
93,93,Bang cara dapet kapal
94,94,Bg ad kapal plandasmen ğŸ˜®
95,95,Aku pernah dapat yang cumi cumi besar yang 12.000 kg
96,96,Bang aku dapat juga
97,97,bang coba mancing megalodon
98,98,mancing terossss
99,99,Awokawok kena mental
100,100,bg kapan blox fruit 11111111111111111111111111111111111111111111111111111111111111111111111111111111111111111111111111111111111111111111111111111111
101,101,bang windah kemana ikan woyo woyo?
102,102,Aku terharu pas bang windah bercerita
103,103,"Bang, sekarang animash bisa battle bang, bisa tanding sma pemain lain"
104,104,perjalanan saya
105,105,Gw udh add abg windah
106,106,"BG mau gw bagi ikan besar 1000kg gak kalau mau add friend gw BG nama gw hazizul_jijoy makasih 
1:38"
107,107,robi kok pucet kayanya cerita kaya sekawan 5 dah satu nya hantu
108,108,Aku level 22 aja belom dapetğŸ˜­
109,109,Bang coba main king legacy
110,110,Nama apk yg auto  click itu ap?
111,111,Cyiakentanachi
112,112,Cyeaanmmm
113,113,hati hati hamil bang
114,114,sengaja mati demi cerita budiono siregar
115,115,strimer storytelling
116,116,Gg first time langsung dapet
117,117,Join
118,118,24:30 njir baru 1x pancing langsung GGğŸ˜±
119,119,seruuuu
120,120,Kamu mancing perkoro bang
121,121,pengen di PIN dan di notice oleh kak windah
122,122,Bang lu ke menu trs on fitur bendera bang jadi lu bisa liat tmpt orang orang dapet ikan legendary sama mythic
123,123,"Ini raka siapa ya? Kok kaya, ga kismin. Rakabuming kah?"
124,124,akhirnya aku bisa bahagiakan orang tuwa aku â¤â¤â¤
125,125,bg mommy gran jual video ğŸ—¿
126,126,Ahirnya Raka Mencapai Cita Cita nya
127,127,mengocok ğŸ˜»ğŸ˜‚
128,128,bang griding dlu pas offline bang sampe kekumpul banyak duit beli kapal dan pancingan paling mahal bang
129,129,Yg dimaksud ikan woyo woyo itu ancient mythical spectral serpent?
130,130,39:53 ğŸ˜‚ğŸ˜‚ğŸ˜‚ğŸ˜‚
131,131,32:51 ikan isonade bang windah kan ada tuh kek pusaran angin nah jangan masuk mancing di dekat situ nanti dapat isonade cara lebih gampangnya pakai radar
132,132,31:43 wkkwkwwkwkkw raka old money
133,133,Sosis jumbo khas Pati
134,134,Betapa masuk akal nya pantun bang windah ğŸ˜®
135,135,bang coba main homicipher
136,136,"Saran gw klo mau lumayan cepet dapet collosal squid :
Umpan : truffle worm
Saran enchant : Hasty
Pancingan : trident,Aurora,king,dan juga stedy
Code redeem : 100M,ThankYouFollowers"
137,137,bang kamu mirip guruku di sekolah
138,138,"Windah ğŸŸ ikan.  ğŸ˜¢ğŸ˜¢ğŸ˜¢manaikanbusa. He ğŸ˜…
ğŸ˜¢ğŸ˜¢ğŸ˜¢ğŸ˜¢ğŸ˜¢ğŸ˜¢ğŸ‰ğŸ‰ğŸ‰ğŸ‰ğŸ˜…ğŸ˜…ğŸ˜…ğŸ˜…ğŸ˜®ğŸ˜®ğŸ˜®ğŸ˜®ğŸ˜ŠğŸ˜ŠğŸ˜Šâ¤â¤â¤â¤â¤â¤â¤88888â¸88888888888â¸888888loankaoqğŸ˜…ğŸ˜…ğŸ˜…ğŸ˜…ğŸ˜…ğŸ˜…ğŸ˜…ğŸ˜®ğŸ˜®ğŸ˜…ğŸ˜®ğŸ˜…kaosijx ke dalam bilik itu dan ini adalah kerana mereka tidak boleh digunakan oleh guru dan iel ke dalam rumah dan iel yang paling baik untuk kesihatan tubuh badan yang paling mulia di Ipoh semalam dianggap paling penting untuk kesihatan dan kecantikan dan kesihatan pekerjaan dan yang paling baik akhlaknya baik untuk kita semua tahu dan iel yang paling penting untuk kesihatan tubuh badan kita semua dapat melihat dengan jelas dan iel ğŸ‰ğŸ‰yang paling baik untuk kesihatan dan iel yang paling baik untuk kesihatan dan kesejahteraan serta untuk kita semua tahu bahawa mereka tidak boleh digunakan untuk kesihatan dan kecantikan dan kesihatan dan kecantikan dan kesihatan pekerjaan dan iel yang paling penting adalah integriti perlu dan e dan iel yang tidak pernah ada cadangan lain yang tidak boleh digunakan sebagai ubat yang boleh dilakukan untuk membuatkan kita mahu barang bantuan 1Malaysia dan iel ke dalam bilik darjah dan kesihatan pekerjaan yang paling baik akhlaknya dan iel yang tidak boleh digunakan sebagai bahan utama kilang dan jentera kerajaan dan kesihatan pekerjaan yang paling penting ialah mencari ğŸ˜…dan ğŸ˜®menyelamat ğŸ˜®dan ğŸ˜®eğŸ˜® ğŸ˜®yang tidak ğŸ˜®ğŸ˜®pernah ğŸ˜…berlaku ğŸ˜…sebelum ğŸ˜®dan ğŸ˜®ğŸ˜¢iel ğŸ˜®ke atas ğŸ˜¢ğŸ˜®ğŸ˜¢ğŸ˜¢ğŸ˜®ğŸ˜® use this form of yang di-Pertuan agong Tuanku Abdul Rahman yang juga merupakan pelaburan utama pertama dan iel yang paling baik untuk kesihatan dan kecantikan dan kesihatan pekerjaan yang paling baik untuk kesihatan"
139,139,28:18 cumi gasing jirrğŸ˜‚ğŸ˜‚
140,140,Bng wind beli trident rod
141,141,4:28 wanita kesayangan kita
142,142,BANG ADA BANYAK IKAN MISTERIUS YANG PALING BESAR
143,143,cakep
144,144,"ada ikan raksasa menyala, warna hijau bang"
145,145,cara enchant gimana dah?
146,146,pamer cumi raksasa
147,147,"bang pls lanjutin game viewfinder,uda full riliss"
148,148,aku iri sama nabila kesayangan kamu bangğŸ¥ºğŸ¥º
149,149,Halo bangğŸ˜Š
150,150,KAPAN LIVE BNG
151,151,WHYYYY GABISAA DI DOWNLOAD VIDEONYAAA ğŸ˜¢ğŸ˜¢ğŸ˜¢ğŸ˜¢
152,152,35:54 bro terdiam ğŸ˜ğŸ˜ğŸ˜
153,153,Bang coba cari pusaran air terus masuk bang
154,154,pantun bersajak a-a-b-b
155,155,Bang abang bisa mancing sambil kemudiin pperahunyağŸ˜…
156,156,"Bang, aku ketiduran dengerin dongengmuğŸ¥±"
157,157,bang aku mancing di sungai kok ga dapet colossal squid sih bang
158,158,"bang nanti raka akan dipromosikan oleh ayahnya menjadi pemimpin kru dengan cara yang melanggar peraturan bang walaupun raka tidak layak, karena ayah raka dulunya adalah pemimpin kru tersebut"
159,159,fischbach
160,160,Next kumpulin 50.000 buat beli pancingan di roslit atau gak beli king rod 110.000 buat dapetin ikan besar
161,161,SEMOGA CEPET GK RUBUH KTA DIA
162,162,Gw kalau main game ini playernya 1%mani ng 99% pamer ikan
163,163,Kurang kecil bg suara ny
164,164,Mancing Leviatan bg
165,165,Bang bisa ke di donload
166,166,Bang nama Roblox bang siapa
167,167,gg bang
168,168,End nya malah teripang Fadel tol Cipularang
169,169,Bg mau magma rod ga bg gw tau nih
170,170,siapa yang suka mancing
171,171,Cumi bisa jadi seafood ya ? saya alergi cumi ...
172,172,Bang aku suka gran
173,173,50:50 mati wkwkğŸ˜‚
174,174,Bg pliss nanti malam/sore main game fisch lagi bg gamenya seru dan santai bangetğŸ‰
175,175,Aku dapet peta harta karun di level 3 bagus ga? ğŸ˜
176,176,Halo
177,177,"masak in cumi"" nya bang"
178,178,bang aku sama kaget nya pas kamu dpt cumi raksasa ğŸ˜®
179,179,"26:52   wah, mantap bang windah dapet cumi-cumi raksasağŸ¤©ğŸ‰ğŸ‘"
180,180,raka sultan gabut
181,181,raka daripada menjadi pemancing legendaris lebih baik jadi pengangguran yang suka nonton yutuber maen game mancing
182,182,Ayon item Lo bg
183,183,wow
184,184,26:16 epic moment + kayaknya cumi-cumi raksasa dehğŸ˜®ğŸ¤©
185,185,Bang coba kamu dapatkan jelifish emperor katanya itu ikan paling susah ditangkap
186,186,Bg masih ada ikan yg lebih gede dari pada cumi raksasa
187,187,next dapet paus lah bang
188,188,"Bang, bapaknya Raka presiden di negeri Ahonok"
189,189,Seru banget liat kamu mancing di Roblox bang sambil aku mancing di sungai belakang rumah
190,190,Main blox fruit kpn bng
191,191,26:50 cumiÂ² pertama raka
192,192,Bg main lagi
193,193,Budiono Siregar adalah legenda laut nort sea
194,194,Banggg Mainin Haikyuu Touch The Dream
195,195,Kenapa gk bisa di dowload vidionya bang padahal mau liat ofline
196,196,Bang kata kawan gw ada bom atom juga di fisch
197,197,RIP WINDAH SIMULATOR BASUDARA ğŸ˜¢
198,198,Gg bocil pun bahagia
199,199,Lagu kebangsaan bang windahğŸ—¿
200,200,50:00
201,201,49:27
202,202,Ditunggu part 2 ya bg
203,203,gg kamu rakağŸ˜®
204,204,Bang Raka orang kaya ternyata
205,205,2:45 udah roboh kocak
206,206,Tet teret teret tet teret teret teret teret teretettt
207,207,gg bang windows aku bangga
208,208,Akhirnya Amba raka menangkap ikan besarğŸ˜¨
209,209,35:50
210,210,Aku memancing dan mendapatkan IKAN TONGKOLğŸ˜¢
211,211,Main the witcher 3 bang
212,212,El-pamer terdiam wkwk
213,213,"Bang windah, bisa tolong aku ga, akun nyokap gua di retas dana ny di retas dana Tik tok juga di retas, jdi gua minta tolong ke bang windah soalnya ga tau lgi mau minta tolong ke mana, ğŸ˜¢ kalo ga bisa gpp bang ğŸ˜¢"
214,214,Ikan madura rivalnya raka
215,215,Bg the mimic ada chapter baru
216,216,Wnda kena mental cuyğŸ˜‚
217,217,gg win
218,218,"bang, bossnya ayah raka pernah mengatakan sebuah pancingan yang sangat dahsyat, terdapat di kedalaman laut, untuk mendapatkannya bang windah butuh 750k duit+relik hexed dan relik abyysal. dan jika bang windah sudah mendapatkan pancingan dahsyat itu, ikan woyo woyo ataupun ikan paus putih akan takut jika melihat pancingan itu."
219,219,Dada gue sakit
220,220,Dada gue sakit
221,221,ditunggu mancing ancieny depth serpenynya bang ğŸ‘ğŸ‘
222,222,"Raka, kamu harus semangat untuk mencari harta Karun nya, karena ayah mu mewarisi pancingan legend di harta Karun itu, dan harta Karun itu ada 100"
223,223,Ada ikan ambalodon
224,224,"plot twist sebenarnga ayah raka adalah sahabat budiono siregar dan pancingan yg dikasih ke raka sebenarnya pemberian dari budiono siregar fakta itu terungkap setelah raka menemukan catatan di bawah cumi cumi raksasa.akhirnya raka memutuskan untuk menjadi pemancing terhebat sepanjang masa melampaui budiono siregar dan suatu saat akan mengembalikan pancingnya ke budiono siregar.

what a story"
225,225,Seneng bet bng brando main ini lagi...:)
226,226,Ambaraka
227,227,Lanjutkan blox fruit bang
228,228,akhirnya windah main fisch lagi ğŸ˜Šâ¤
229,229,gg bang tpi kamu brisik
230,230,Pergi ke danau untung menangkap hiu brando yeyeyeğŸ‰ğŸ‰ğŸ‰ğŸ‰
231,231,Bang Cita cita nya manağŸ˜¢
232,232,26:39 cumi bibisi
233,233,Ilham kemana bng?
234,234,Bang min 50 robux
235,235,Sapa aku bang ğŸ‘‹
236,236,Bang ada leviathan bang di game ini
237,237,B aja
238,238,udah dibilangin jangan ambil harta karun chance pancingannya kecil ngeyel
239,239,ikan cupang lima
240,240,ğŸ˜¢selamat pagi bang windh dan slmat mlem Minggu akhirnya main roblok juga
241,241,streamer dongeng
242,242,Bang coba main blok fruit
243,243,kecewa parah:(
244,244,"10000
Qghhgj
ğŸ‰
ğŸ‰
ğŸ‰"
245,245,"Semangat bang Windah live streamingnyaâ¤
â¤â¤â¤"
246,246,bg
247,247,Bang tangkap hiu madura
248,248,Like aku 1000 aku diet 1 bulan
249,249,"Raka adalah cucu dari pramowo dan anak dari mulyono, 2 pemancing legendaris yang pernah menemukan ikan legendaris woro2, di akhir hayat nya terlibat dengan kerusuhan antara nelayan dan ras ikan hiu madura sehingga namanya di hapus dari sejarah karna keterlibatan nya di kerusuhan tersebut. Sebelum meninggal, kakek pramowo dan bapak mulyono menyatakan bahwa ikan woro2 itu nyata dan membuat raka ingin membuktikan dan mengembalikan kejayaan leluhurnya. Selagi raka mencari ikan legendaris yang bisa mengguncang dunia, keturunan terakhir ikan hiu madura mencari jalan untuk balas dendam akan pembantaian ras nya."
250,250,banngg akuu rindduu GRANN
251,251,bg lanjutin main game fighting school simulator
252,252,BANG COBA MAIN GAME THE MIMIC DI ROBLOX SUMPAH BIKIN JANTUNG GA AMANN
253,253,Bang terima pertemanan bang
254,254,Bang coba main game ini pake outfit nelayan bang
255,255,Kapan blox fruit woi
256,256,gg bg
257,257,bang lanjut tin main kantin sekolah simulator kayak nya ada update plisss bang seru banget nonton bang windah main katin skolah simulator
258,258,Bang setiap main roblox sekarang kok gabisa didownload ğŸ˜¢
259,259,Beli pancing baru bg
260,260,52:39
261,261,akun goblox aku di hack orang bangğŸ¤¬ğŸ¤¬
262,262,Bangg coba main homocipher semoga di bolehin
263,263,ğŸ˜‚
264,264,gg bang windah bentar lagi 15 juta subss
265,265,G
266,266,Bang kamu ikan jenis apa?
267,267,1:47 ini lagunya apa bang
268,268,ya vid nya ga bisa di downloadğŸ¥²
269,269,"Menit 10:57  ke belakang keknya ada yang jawab iya, denger ga?

50:36 itu juga ada yang ngomong 'saya\sela?"
270,270,gg
271,271,gg
272,272,kamu penyefong game fomo bnag
273,273,Bang react skibidi toilet bang
274,274,Bang coba dapetin Leviathan
275,275,dapat cumi yeey
276,276,Selalu pake umpan bang
277,277,Bang windah kenapa dulunya tidak main roblox
278,278,hlloo bngg winnn
279,279,Intro nya Garing Bg
280,280,telat gaa bang?
281,281,Bangga mAma mu bg
282,282,Assalamu'alaikum Warohmatullahi Wabarokatuh
283,283,Jangan Toxic bg.
284,284,Bang mancing hiu gojila
285,285,Bang vid nya gak bisa di download
286,286,Tega kamu bang
287,287,Game Kungfu simulator terlupakan
288,288,Bg lanjutin mancing mendapatkan semua ikan dan menjadi raja lautan
289,289,"Sarann bgg kalo mau main fisch bukaa privat server nyaa biar viwer bisaa kasih tau kamuuu bang ikan yang besar"""
290,290,emang bapaknya raka udh meninggal? bukannya lagi di solo? ğŸ˜¢
291,291,game psht simulator terlupalanğŸ˜¢ğŸ˜
292,292,Siapa di sini suka cumi2ğŸ‰
293,293,MAIN ANIME TOWER DEFENSE DI ROBLOX DONG BANG
294,294,RADIPOANJIKJIK
295,295,Bang pliss tangkep ikan kontoLodon
296,296,jarjit menangis di pojokan denger pantun mu bg
297,297,BENTAR BANGETT BANG YAAMPUN GUSTI NU AGUNGG
298,298,wuiih trending....... jadi pgn ngonten map ini....
299,299,mancing perkoro rek
300,300,Pantun nya keren bgğŸ˜‚
301,301,Bang lanjutkan main game capybara go plis
302,302,â˜•ğŸš¬ğŸ—¿
303,303,"Dari kemarenÂ² nunggu, akhirnya lanjut jugağŸ˜…"
304,304,Kenapa gabisa di download si bang yampun
305,305,Bang main game kutukan dijamin enak atau the curse bahasa inggrisnya
306,306,Memang paling enak nonton bg Brando sambil makan mie ğŸ¤©ğŸ¤©ğŸ¤©
307,307,Game yg bikin goobox bang yuwan ğŸ˜‚jgn lupa ngopi bang ğŸ˜‚
308,308,27:40 ğŸ˜²ğŸ˜²ğŸ˜²ğŸ˜²
309,309,Pendongeng Handal
310,310,Flying dutchman ğŸ˜­
311,311,Bang main share lock tak parani bang
312,312,"Raka the legendary fisherman
ABSOLUTE CINEMA"
313,313,cumi sambel terasi ğŸ—¿
314,314,orang tua sepertimu gacocok main roblokkk
315,315,Jual bg dpt 100kğŸ˜‚
316,316,"Kamu yang nonton ini pas makan,
Kata kunci Ujang Kedu.
Aowkkwkw makan yang banyak yaa"
317,317,Aku lihatnya pas malam bang ğŸ˜¢
318,318,"""ya tuhan, yaallah""  salan toleransi bang brando"
319,319,RAKA : ORANG KAYA
320,320,wihh trending trs cuy ğŸ˜®ğŸ˜®
321,321,"35:56 niatnya mau ngasih paham,malah dikasih pahamğŸ˜‚"
322,322,selamat raka(buming raka) atas cumi raksasanya
323,323,next beli pancingan aurora rod / mythical rod bang buat farming. tapi lebih bagus aurora rod sih buat farming. tapi harus punya aurora borealis harganya 500k kalo mau aku kasih bang gratis. habis itu beli trident rod bang syaratnya lengkapin bestiary/ikan di desolate deep. terus dapetin the depth rod pancingan paling OP untuk saat ini. karena pancingannya bisa ngeluarin bunshin dan bisa ikut dapetin ikan juga bayangannya
324,324,Terimakasih bang Windah udh ngelanjutin fischğŸ¤—ğŸ¤—
325,325,"New Event

Mosewood   : Claw Gill, Fossil Fan, Barracuda Spine
Rosilt     : Spine Blade, Shark Fang, Spine Bone
Mushgrove  : Nessie Spine
Snowcap    : Spined Fin
Forsaken   : Ancient Serpent Skull, Ancient Serpent Spine

Kalau Udah Semua go to Dr Finneus untuk dapetin Handwritten Note lalu jalan kearah NE sampai menuju (Uncharted Island) dan tentukan puzzle sesuai di Handwritten Note"
326,326,Semangat bg ke 15jt subscribers nyağŸ”¥ğŸ”¥
327,327,woi aku aja yg mythical rod belum dapet colosalğŸ˜‚
328,328,itu gimana cara tahu waktu dan lokasi server?
329,329,Halo bang winda aku udah dapat yang aku ingin kan Dari dulu ia itu ikan kayak bang winda cumi2 Alaskar makasih bang theory nya bang sehat selalu ya gua Dari Malaysia ya bang ok bang winda dada Amin bang Amin
330,330,bjirr dapett
331,331,bang aku cinta novianiâ¤
332,332,Gelooo â¤
333,333,yey gem roblok lagiğŸ˜Š
334,334,35:28 aku jga mw ğŸ˜‹
335,335,masi cupu aku aja ydah level 500 dan mempunyai fish no lifeğŸ¥±ğŸ¥± es game
336,336,bang aku lebih suka kisah Raka daripada game anomali
337,337,ayo bang next time dapetin mutated shark
338,338,1:55 ada yg tau nama backsong ny?
339,339,Bang kamu harus ungkap misteri ikan woyo woyo supaya ayah raka bangga
340,340,2:18
341,341,"Bang ungkap semua ending *""five heart under one roof""*ğŸ˜ŠğŸ˜ŠğŸ˜ŠğŸ˜Š"
342,342,gua tertarik main gem vice ini bang
343,343,bang selamat ya mau 15 jt subs â¤â¤
344,344,35:28 sus bgttt
345,345,Makasih 100 susbsribe nya orang baik â¤
346,346,motel kapan woyyğŸ¤¬ğŸ¤¬
347,347,"Main Roblox bikin goblok
Nontonin brando makin goblok"
348,348,cumi besar alaska ğŸ˜¨ğŸ˜¨ğŸ˜¨
349,349,Subscriber lu cepet bet naik
350,350,wkwkwk
351,351,Bg gak pake ava hiu bgggggggggggg
352,352,ğŸ˜‚ğŸ˜‚ 0:06 0:06
353,353,pls jadiin series bang
354,354,Bang aku sekarang jd ngefans sama bu D ono
355,355,Nama panjang Raka adalah Gibran Rakabuming raka
356,356,bikin buku tentang Raka bg
357,357,Bang Fisch update bang
358,358,Sekarang bapaknya raka mau paus
359,359,melanjutkan kisah raka
360,360,Orang gila mana yg narik kolosal squid pke rod bapuk
361,361,pls buatin animasi buat cerita budiono siregar
362,362,"1:04:05 anjay,viewers bohong?sosis yang bohong"
363,363,Blok fruits terlupakan
364,364,Bang main game mouthwashing lagi plissssğŸ˜¢
365,365,udah yapping nya?
366,366,Bang coba main blood strike
367,367,Ente yakin dia live?
368,368,cumi jumboğŸ§ğŸ»â€â™€ï¸ğŸ¦‘
369,369,Bang kok gak bisa di download vidio nyağŸ˜¢
370,370,"bang dapetin ikan terbesar bang Nessie sama isodane,kalo dh dapat pigi ken the depths bg"
371,371,bang ancient depth serpent jadiin ikan woyo woyo bang. ancient depth serpent susah didapetin dan dia harus di tempat the depths dan harus di malam yang paling gelap.
372,372,jual ke seafod bakaran aja cumi nyağŸ—¿
373,373,"rekomendasi ikan mythic dan tempat nya buat windah dapetin nanti di live selanjutnya yg masih lumayan gampang lah ada

captain goldfish di forsaken shores di atas tempat nya merchant dan lain lain kan ada tempat ke atas naek terus ada air terjun mancing disana pasti dapet sama manta ray ada di roslit bay bisa di mana aja"
374,374,"bang beli rod baru bang, di the depth"
375,375,"gg bang, besok pecahkan teori mancing godzila"
376,376,kok bukan hiu madura
377,377,â¤
378,378,"FATIMAH
NAMANYA:ğŸ˜‡
PERANGAINYA:ğŸ˜ˆ"
379,379,bang windah imup :D
380,380,ğŸ™‚ğŸ‘ğŸ‘ğŸ‘
381,381,aku cinta raka
382,382,Yg ngomong dapet cumi raksasa butuh aurora totem siapa njir
383,383,26:50 gg bang
384,384,banh alligator di mushgrove swamp harus ditangkap bng
385,385,Haloo
386,386,Bg kamu gg
387,387,si raka kenapa gusy????
388,388,Gk bisa didownload vidionyağŸ˜¢ğŸ˜¢ğŸ˜¢ğŸ˜¢ğŸ˜¢
389,389,Hi
390,390,Halo bang
391,391,Bang main game until then dong plis
392,392,Agak kecewa karena full jalan jalan simulator kagak mancing mancing ğŸ˜®â€ğŸ’¨
393,393,WKWKWKW NIAT PAMER MALAH KENA ULTI BOCIL BOCIL PAMER ğŸ˜­ğŸ˜­ğŸ˜­
394,394,fice
395,395,Bang coba main a universal time di roblox
396,396,Window
397,397,Stardew valley kapanğŸ˜¢ğŸ˜¢
398,398,GG Raka sang anak nelayan...
399,399,Bang kamu wajib cobain game mancing yg ada diplaystore namanya creature of the deep mirip sama game ini
400,400,43:46
401,401,Pantun kamu gak nyambung bang windah
402,402,big black what?? ğŸ˜®
403,403,Cumi terbang
404,404,Bang main dragon nest
405,405,bang kapan main fc mobile lagi
406,406,Bang windah request main game stalker 2 bang
407,407,27:41 finnalyyyyyyyyy
408,408,"""Fi ce"""
409,409,BANG MUKAMU PUCET BANGET WAKTU MANCING CUMI RAKSASA
410,410,"itu rumah gua gais yg roboh yg dibilang bang windah diawal aokwowk, doain cpt beres y adick adick roblokğŸ˜"
411,411,"pergi ke danau memancing ikan
berjemur matahari menjadi hitam
hai bocil roblox yg tampan
jangan bermain roblox malam malam"
412,412,0:20masa ğŸ˜¢
413,413,BG AK NONTONNYA SAMBIL MAKAN CUMI CUMI RAKSASA MASAK HYTAMğŸ˜‹ğŸ˜‹ğŸ˜‹
414,414,"Bang main di server jaya pura indahlah review senjata custom,ada skil skillnya"
415,415,Fight school simulator nyaa mana bangg
416,416,kecewa saya sama Abang kok saya mau download video Abang kok gak bisa
417,417,cumi cuminya besar kayak punya akuğŸ¤­
418,418,pantun ny bagus bg sy suka sy suka
419,419,kmprtt pdhl mntk lepas ak cumi itu ai dahh
420,420,Tempat baru namanya the depth bang windah disana Ada pancing baru namanya rod of the depth harga 750 ribu uang game bang windah
421,421,"bang jadi lanjutin game alomani ga, aku nungguin ia bang"
422,422,Ng kapan main gem blox fruit
423,423,"Bang coba main game ash echoes bang, game RPG yang bagus ğŸ™"
424,424,Itu yang pusar warna putih itu kalo pancing di situ bisa dapet ikan besar bang
425,425,"Aku bkan bocah roblox 
Tapi aku cuma nonton doang"
426,426,cari leviatan bang
427,427,36:06 puncak komedi wkwkwğŸ˜‚ğŸ—¿
428,428,paling posibble ikan serpent bawah laut desolate deep
429,429,apasi bang pantun nya ga gitu
430,430,Diteluk rosylit ada ikan pari sama gurita gemoy bang
431,431,yang susah ikan cumi snowcap ikan spectral serpent di desolate deep ikan paus event sama jellyfish di desolate deep juga
432,432,mencet apa itu bang biar ga harus nge klik pas di kocok
433,433,Udah selesai ya live nyağŸ˜­
434,434,mana avatar ikan kematian mu bang
435,435,Batu
436,436,Maen game pixel lgi bangğŸ¥°ğŸ™
437,437,Berarti lu gobloxs juga dong bang
438,438,Itu
439,439,ambalodon itu nyata bangggg
440,440,Minta dong Winda
441,441,Mita
442,442,"bg main dress to impress lagi ada update, btw aku cewek bang"
443,443,ItuğŸ˜Š
444,444,Game aku
445,445,Game apa
446,446,BG MAIN GAME STALKER2 CHERNOBYL
447,447,"""Raka bangga dengan penangkapan mitos Cumi raksasa, walau ikan woyo woyo belum terungkap, Raka sudah mendekati tahap mengungkapi ikan woyo woyo.."""
448,448,grind xp di forsaken shores (pond) untuk xp
449,449,berburu godzilla bang di the depths
450,450,seru bg
451,451,"Hi bang maaf gak ajak live ğŸ˜…
                                                 ğŸ™ğŸ»"
452,452,"Hi bang maaf gak ajak live ğŸ˜…
                                                 ğŸ™ğŸ»"
453,453,"bg coba main fishing planet,itu ada disteam dan gratis,menurutku lumyn seru dan grinding bgt"
454,454,35:28 Epik Moment
455,455,Kapan pvz lagi bang
456,456,raka the movie
457,457,Main Game soul land bang
458,458,"1:05:15 gw kemarin juga dapet bbc 
Bg"
459,459,baru kemaren bilang BG kapan lanjut fisch eh yeyy di lanjutğŸ˜‚
460,460,GG raka bang
461,461,KAPANNN FC MOBILE BANGG ASTAGAA
462,462,Cie mau 15 JT subğŸ˜‹
463,463,lengkapin semuaa scene bang di game five hearts under one rooff
464,464,raka pay to win aowkoakwdkaowd
465,465,"Kamu melupakan legenda Sukma Dika, satu satu nya eksistensi yang mampu melawan tarikan jor dari seorang Budiono Siregar"
466,466,bang kamu pengocok handal
467,467,"Kata kata keramat ""hahaha punya gk""ğŸ˜‚"
468,468,Bg gw bisa kasih lu duit 250k Dan enchant relic 5 tar gw bantuin lu dapetin trident rod
469,469,bang jangan pakai baju item ga kelihatan
470,470,kamu GG bang
471,471,aku pernah pas mancing terus di tarik kraken. kraken nya skrg jadi khodam aku
472,472,Eun-biğŸ¤¤
473,473,Bang coba main creatures of the deep
474,474,bang coba main game agung Arip yg terbaru  dong
475,475,KAPAL LAWD
476,476,gg bangğŸ‰
477,477,"Bg pecahkan misteri nessy,dan hiu Godzilla ğŸ”¥"
478,478,"AKU TELAT BANGGGGGGGGG, BARU PULANGGGGGGGGGGGGGG"
479,479,Bang kumbek coc bg
480,480,Bang coba mainbang coba main satalker 2 seru game nya dari miawaug
481,481,hlo
482,482,33:29  ada bang serius lu harus ke pusaran aneh abis tu ke paling bawah buat mancing kunci raksasa warna merah nah abis tu lu harus buka pintu gede pake kunci gede yang tadi nah abis tu jalan aja nah Lu di situ mancing aja bisa dapet lele jumbo atau gak Godzilla
483,483,Memancing perkoro
484,484,game jelek ini bang windah
485,485,"windah kata kata ğŸ¥°ğŸ¥°ğŸ˜˜ğŸ’…
windah morivasiğŸ˜ˆğŸ˜ˆğŸ’€â˜ ï¸"
486,486,00:00 epilx
487,487,29:31 wih gg bg dapat peta
488,488,"Raka suka memancing, Memainkan alat kencing ğŸ˜‹"
489,489,semoga bang windah selalu sehat aamiin ğŸ˜»
490,490,Bang Abang mau ga terima add ku bang nama:Rip_aska bang terima yang bangğŸ™
491,491,aku tantang kmu pasti gk bisa dapetin naga air kuno eksotik di kedalaman ğŸ¤­ğŸ¤­ğŸ˜®â€ğŸ’¨ğŸ˜Œ
492,492,"KERJA BAGUS BANG, YANG SEMANGAT BANG WINDHAA, JANGAN SERING MAEN ROBLOX NANTI GOBLOXXXğŸ˜"
493,493,"Bentar lagi 15jt bng, gak sabar sawer streamer lagiğŸ˜‚"
494,494,Bang kamu ganteng banget kayak Joseph stallin
495,495,Bang knpa vidio main roblox fisch gk bisa di downloadğŸ˜¡ğŸ˜¢
496,496,Hahahaha dapet otong raksasa
497,497,26:52 EPIK MOMENT BGT BGT GWE SMP NANGIS SEKEBON
498,498,Bang bang windah pin dong plisğŸ˜¢
499,499,bg upgrade ikan nya biar makin besar
500,500,Bang kapan react Skibidi toilet ğŸš½ğŸª  lagi
501,501,Ikan ambaus mana bg itu katanya salah satu ikan legendaris
502,502,bang coba jadi nelayan di real life
503,503,"Main game aku si juragan kostan bangg,seserver sama aku si peternak lele"
504,504,Pantun abcd berulah lagi
505,505,YAELAH TELAT BARU AJA AMBIL MAKAN LIAT YOUTUBE KM UDAH SELESAI LIVE ğŸ˜¡ğŸ˜¡ğŸ˜¡
506,506,15 juta subs bentar lagii
507,507,15 juta subs bentar lagii
508,508,100 rb lebih ğŸ’€
509,509,26:53 gg sekali coba
510,510,terlambat ga bang
511,511,cumi cumi segede kanjut badak
512,512,BANG VIDIO NYA GAK BISA DI DOWNLOAD!!!!!!!!!!!!!
513,513,OmgğŸ˜®
514,514,bang kenapa videonya ga bisa di donlodğŸ˜¢
515,515,BANG VIDIO NYA GAK BISA DI DOWNLOAD!!!!!!!!!!!!!!!!!!
516,516,kemana hiu madura
517,517,"Hei adikÂ², jangan sering-sering main roblox
Nanti kamu jadi GOBLOK aowkawok"
518,518,KOK KAMU TEGA LIVE GAK BILANGÂ² BANGğŸ˜­
519,519,Main aku si juragan kosan bg
520,520,bg gw kngen lu main kungfu simulator lagi
521,521,KAMU GG BGG
522,522,Bleh Bleh Bleh
523,523,Sosis bukan sembarang sosis ni kawan kawan.
524,524,akhirnya setelah lamanya main jugaa
525,525,Stelkers 2bang plisssğŸ˜Š
526,526,35:54 mau pamer ehh malah kena mentalğŸ˜‚
527,527,BANG KOK GAADA NOTIF
528,528,LAHHH
529,529,"Bang windah kapan ending mall-sook di pecahkan ğŸ˜¢
Dan ending seungyi penasaran kayanya sedihğŸ˜¢"
530,530,bang aku suka banget nonton bang windah main roblox
531,531,Naik kapal simulator
532,532,lanjutkan perguruan simulator bang
533,533,BANG KATANYA ADA MISTERI MEGALODON
534,534,Kapan perjalanan hiu Madura berlanjut bang?
535,535,ANJAAYYY BANG WINDAAHH
536,536,bang aku mau nasi goreng cumi hitam pak kris
537,537,bang lanjutin main game kucing bang
538,538,"bang beli Basic Diving Gear buat nyari harta Karun , pergi ke island forsaken shores buat memperbaiki map nya , nanti bg windah ngomong ke npc jack marrow terus pegang map habis tu beli 200Coin"
539,539,35:28 sus
540,540,0:16 ingat ya adik adik
541,541,Pantun gak nyambung ğŸ—¿
542,542,bang ular orochimaru ada yang baru bang plis mainin bang kangen backroom bang
543,543,gg pantun sekali pake jir
544,544,Telat bg
545,545,Budiono siregar bangga sama kamu bangğŸ‘ğŸ¿ğŸ‘ğŸ¿
546,546,11:45 di pojok bawah mommy Gran ğŸ¤¤
547,547,1:05:18 big black what ğŸ¤¨ğŸ¤¨ğŸ¤¨ğŸ¤¨
548,548,Mana ada segedse itu KOCAKKK EDITAN
549,549,"ikan woyo woyo sudah ada sejak zaman napoleon bonapantek yang dimana napoleon sudah menjelajahi samudra pasifik hingga atlantik untuk menaklukkan sang puncak rantai makanan tersebut,namun sayangnya napoleon meninggal sebelum ia bisa menaklukkan sang woyo woyo,apakah raka bisa menaklukkan ikan legenda tersebut???"
550,550,"bang, kok aku suka gaada notif ya kalau abang windah lagi live, padahal udah nyalain notifnyağŸ˜¢"
551,551,Gercep mananih ğŸ˜ŠğŸ˜ŠğŸ˜Š
552,552,ayah rakha namanya andi bang
553,553,35:28 ğŸ¤¨
554,554,SERIES 3 DONG BANG
555,555,Bang kok live mendadak bang
556,556,"BANGG, AKU CINTA KMUUU...."
557,557,kesewa live chat nya hilangğŸ˜¢ğŸ˜¢
558,558,Gg banget bang pake steady udah bisa dapet colosal squid
559,559,Maaf bang telat
560,560,yahh aku telatğŸ‘ï¸ğŸ‘„ğŸ‘ï¸
561,561,"cemen km bang,aku udah dapet cumi merah peliharaan dewa neptunus ğŸ˜"
562,562,Bang kapan main game gold and glory lagi?
563,563,Epic momen
564,564,main pvz fusion lagi bangğŸ”¥ğŸ”¥ğŸ”¥
565,565,Fine
566,566,"Gitu sekarang bang, saya ketinggalan bang ğŸ˜¢"
567,567,Pantun nya gk nyambung bng
568,568,"Bng, keju terbuat dri susu"
569,569,Maaf telat1jam bangğŸ˜¢
570,570,well bang
571,571,GA ADAAA LIVEEE CHATT AKU GA BISAA LIAT KOMEN BOCIL BOCIL KEMATIANNğŸ˜¤ğŸ˜¤ğŸ˜¡ğŸ˜¡
572,572,26:50 epickk momen bang haha
573,573,Nanti live GK bg
574,574,mantap bang
575,575,fice
576,576,Bang kain pvz lah gw tungguin juga ğŸ˜¢
577,577,Windah skrg suka gorengÂ² agak sombong
578,578,mntep dapet sotong
579,579,"70% cinema 
20% jalan jalan simulator
5% mancing colosal squid
5% iklan

rating :
â­â­â­â­ (el undur)"
580,580,APA ITU BANG RAME RAME
581,581,Gerakan tambahan
582,582,kenapa tidak bisa di download bangğŸ˜¢ğŸ˜¢ğŸ˜¢
583,583,sombong kamu bang gamau sapa akuğŸ˜¢
584,584,35:28 sisi lain windahğŸ—¿ğŸ—¿
585,585,"Hoki kamu bang, pake pancingan steady gak di enchant bisa dpt squidğŸ¥³ğŸ¥¶"
586,586,aku suka maen roblok tpi aku ga goblok kok
587,587,"kok gada notif live banhh,aku nangis smpai kotaku jadi atlantis"
588,588,"bang katanya besok bakal ada update ikan god yaitu ""hiu madura"""
589,589,b
590,590,Nama lengkap raka siapa bang?
591,591,bang nanti main dynasty wariors origins
592,592,26:50 epick momen + gabisa berakata kata
593,593,semangat bang windahhh
594,594,Ga nyambung pantun lu bang
595,595,"Halo saya ibunya Aidan ingin meminta maaf atas kegaduhan yang saya buat sebelumnyağŸ™ğŸ»,, dan seharusnya saya yang lebih mengawasi tontonan anak sayağŸ™ğŸ»,, saya meminta maaf untuk semua dan oembuat video iniğŸ™ğŸ»,,"
596,596,35:28 momen epic ğŸ˜‚
597,597,"gg kamu bang, aku iri bamnget"
598,598,"tega km bng padahal aku baru aj tinggal hp aku ngmbil makan,pas balik dah end"
599,599,Selamat bang bentar lagi 15 jt subcriberâ¤ğŸ‰
600,600,Baru opening aja udah di goblokin pantesan di goreng goreng xixixixi
601,601,Day 97 Request bang Windah main Lokapala
602,602,"Bang main fc mobile lagi dong,skrng udh ada ovr 105"
603,603,mie sm nagetku gmn ia bg aku join langsung endğŸ˜¢
604,604,kmu main goblox?
605,605,Baru juga nonton
606,606,Cara dapatin cumi cumi raksasa itu yang paling gampang di snowcape bang
607,607,Baru juga masuk udah keluarğŸ˜¢
608,608,"Itu sosis bukan sembarang sosis bang itu dari si pria sosis ğŸ˜‚, trus Iklan yang terakhir aku suka bang gg"
609,609,"Roblox maniaaaaaaaa, mantappppppppp"
610,610,Bang bagi roboxk
611,611,"Pergi ke danau memancing ikan,
Berjemur matahari menjadi hitam,
Hey adek2 jangan kamu sering main Roblox,
Nanti kamu jadi goblok.ğŸ˜®"
612,612,"mamaku minta cumi raksasa kamu bang,katanya mau di bikin cumi asin"
613,613,"Siap siap bang jam 8 malem bakalan ada update baru sama nanti di tangal 30 November bakal ada ""megalodon event"""
614,614,1:05:19 apaan ituğŸ˜®ğŸ˜®
615,615,"40% mancing, 60% yapping"
616,616,Nooo end
617,617,KECEWAAA
618,618,"gg bang bisa dapat cumi cumi raksasa, selamat bangğŸ‰"
619,619,0:45
620,620,intro yg menyenangkan ğŸ˜‚ğŸ˜‚ bikin bocil Roblox mengamuk
621,621,Dulu kamu pas smp dan sma kamu dibully bang brando?
622,622,Oke bg
623,623,KOK GAADA LIVE CHAT
624,624,"Roblox bikin pusing njir, kok bisa bocil pada betah"
625,625,BANG KAPAN LANJUT GAME SHERLOK TAKPARANI
626,626,Ninja kamu bang
627,627,Semagat bang windahâ¤â¤â¤
628,628,"Gila Cumi Cumi Raksasaâ€‹â€‹
Jangan lupa gabung ke discord pecinta Roblox Fisch : https://discord.com/invite/motionime"
629,629,Semangat bang
630,630,baru juga nonton bang
631,631,Bg aku kecewa
632,632,24:21 Misteri Cumi Raksasa Terpecahkan
633,633,Sekem
634,634,kocak lu bg
635,635,"bang muka lu semakin kotak bang, gara gara elu sering main game roblox nya ğŸ˜‚ğŸ˜‚ğŸ˜‚ğŸ˜‚ğŸ˜‚"
636,636,Cakep
637,637,Padahal aku belum puas dh end ajğŸ˜ŠğŸ˜Š
638,638,langsung end
639,639,Harus lanjutin sampe dapet ikan legendaris!!
640,640,Tega ninggalin kita bangğŸ˜¢ğŸ˜¢
641,641,1:05:26 itu apa bang? Kok rame2 gitu?
642,642,Bang aku sagne liat muka lu bang
643,643,Wkwk
644,644,Game perang dong bang
645,645,ninjaaağŸ˜ ğŸ«µğŸ»
646,646,35:29 sus
647,647,Yahh dh selesaiğŸ˜¢
648,648,di Roblox ada twice bang
649,649,TEGA KAU BANGG
650,650,gw baru mau nonton live udah selesai duluan
651,651,ğŸ—¿
652,652,lanjut lah bang
653,653,Gara gara dapet sosis
654,654,15juta sub giveway robux bang
655,655,Tega banget bang windah
656,656,ğŸ˜¢
657,657,bangke ğŸ˜‚ baru juga join
658,658,"Disini Raka berhasil membahagiakan almarhum ayahnya dengan penangkapan cumi raksasanya, namun ikan woyo woyo belum terungkap sampai sekarang. Sehat selalu Raka"
659,659,yutuber ga niat lipe
660,660,telat ga bang
661,661,BANG KAMU MIRIP ROBLOX
662,662,"main Roblox bikin goblok, hai kamu bocil skem jgn bacot"
663,663,tega kamu mas
664,664,Tiba tiba banget bang end ğŸ˜¢
665,665,26:55 gg raka
666,666,Bg katanya ada ikan cupang pelangi bang
667,667,Skemm
668,668,"Ternyata main FC Mobile 3 bulan yg lalu, sekarang sudah ada ovr 105 dan mau 15jt subs masih belum main jugağŸ˜¢"
669,669,bagus bang sosisnya itu
670,670,skem anjir
671,671,26:48 epick moment
672,672,PAK U PAPI
673,673,Mengapa langsung end streaming ğŸ˜¢
674,674,woi aku udah masak mie malah end
675,675,"nasi padang baru ku buka km malah end bang, tega"
676,676,Bang budiono siregar itu KAPAL LAWD
677,677,kocak
678,678,mancing perkoroğŸ˜¤
679,679,kontrak
680,680,"buset , EL TEGA"
681,681,Yah baru juga joinn
682,682,bang kamu satu satu nya youtuber yang dapat cumi cumi raksasa dalam waktu kurang dari 30 menit
683,683,teganya kamu end stream bg yapping basudarağŸ˜¢
684,684,kapan observasion dutty 7 bang
685,685,1:05:15 big blek kok
686,686,35:28 secret ending wkwkwk
687,687,1:05:19 dapet apa bg
688,688,Dapat pickle terus ğŸ˜¢ğŸ˜…ğŸ˜®
689,689,ending sosis hitam legam asli bandung
690,690,"Gg dapet cumi raksasa 
Ngomong2 lu mau 15 jt subs"
691,691,singkat padat bersin end streamğŸ—¿
692,692,TEGA KAMU BANG AKU BARU NONTON MAKANAN NYA BELOM HBISğŸ˜¢
693,693,El ninja anying
694,694,bang ko langsung endğŸ˜¢
695,695,bang windah tega ninggalin joseph
696,696,KOCAK bang kalo dapet mitik end stream
697,697,Gen x ngeyel ngeyel semua orang tuaaa
698,698,Tega kM
699,699,ğŸ˜…
700,700,BANG AKU BARU NONTON LANGSUNG ENDğŸ˜­
701,701,ewe
702,702,el ninja
703,703,TEGA KMU BANG
704,704,Bg hiu kontolodon paling langka  bg
705,705,kocakkkkk ninja
706,706,bang aku jg punya sosis bbc.bisa bikin cewe kenyang 9 bulanğŸ˜…ğŸ˜ŠğŸ˜ŠğŸ˜ŠğŸ˜ŠğŸ˜ŠğŸ˜Š
707,707,Atau ga mainin stardey valley
708,708,bang kapan main roblox rainbow friends 2ğŸ˜¢
709,709,baru juga masuk
710,710,KAMU KENAPA NINJA TERUS BANGGğŸ¤¬ğŸ¤¬ğŸ¤¬ğŸ¤¬
711,711,el ninja
712,712,Walamak lamgsung end liveğŸ˜‚
713,713,WKWKWKWKWKWKWKWKWKWKWKWK
714,714,cumi rakasa
715,715,"Bang lanjut ungkap semua ending 5hearts , terutama si seungyi kenapa dia tinggal di balkon ?"
716,716,lagi bang
717,717,baru juga masuk udah end stream aja kocak
718,718,NINJA SUUU
719,719,King ninja
720,720,jalanÂ² simulator
721,721,kocak kamu bang
722,722,baru juga join
723,723,NINJA MULU NENTOD
724,724,Astagaaa baru nonton beberapa detik lgsg end
725,725,Kocak
726,726,Bg kapan kapan main the Spike cross lagi moga dibaca
727,727,Itu bukan ikanğŸ˜‚
728,728,el dongeng
729,729,Aku menunggu ikan megalodon bang windah
730,730,Parah ges
731,731,ğŸ˜­ğŸ˜­ğŸ˜­
732,732,DISKORT PUQIMAK
733,733,Lah
734,734,Bg baru join
735,735,ninja jink
736,736,memancing amarah
737,737,EL Bersin ğŸ˜¹ğŸ˜¹
738,738,31
739,739,"Aku,aku,aku,akuuuu,akuuuuuuu,akuuuuuuu StresssssğŸ˜Œ"
740,740,1 orang bahagia smua ikut bahagia ğŸ‰
741,741,ninjaa ğŸ˜¢
742,742,Bang lanjutin silat
743,743,Pertamax
744,744,Awokawokawok
745,745,Baru juga mau nonton
746,746,secret ending
747,747,"mythic gede yg abang bisa dapetin ada di Roslit,  di bunderan air yg ada cahayanya, trs di disholate deep, itu yang gede gede bg,, rod jangan lupa di enchant bang ada di statue masuk terus harus malem malem bisa di enchant pakai enchant relic yang abang dapetin ğŸ‰ğŸ‰"
748,748,Hoax
749,749,pertama
750,750,Baru juga masuk masa langsung dpt cumi nyağŸ˜‚ğŸ˜‚
751,751,Kedua
752,752,"bang brando ko kamu ga lanjutin game kungfu, aku menunggu sampai berminggu minggu"
753,753,El ninja
754,754,EndğŸ—¿ğŸ—¿
755,755,"Baru juga nonton udah n stream,kocak"
756,756,Malah end bg
757,757,Pertama
758,758,Ninja kocakk
759,759,HALLOO BANGGG
760,760,Yoo
761,761,jahat kamu bang aku baru siapin makanan kamu langsung end
762,762,"bang, itu apa rame""?"
763,763,keren
764,764,El ninja
765,765,TEGA KAMU BANG
766,766,Wkwkwkwk
767,767,kocak ninja
768,768,first bg
769,769,HaloğŸ˜‚
770,770,Lah
771,771,Astaga baru masukk aku
772,772,First komen cuy
773,773,Apalah malh end
774,774,scamm
775,775,Gg
776,776,gj
777,777,skem
778,778,"bg katanya update besok ada ikan legendaris bernama ""komtolodon"", apa itu nyata?  atau cuma teori bocil roblok!"
